id,firstname,lastname,email,email2,profession
100,Talya,Christine,Talya.Christine@yopmail.com,Talya.Christine@gmail.com,police officer
101,Frieda,Vacuva,Frieda.Vacuva@yopmail.com,Frieda.Vacuva@gmail.com,police officer
102,Ellette,Tengdin,Ellette.Tengdin@yopmail.com,Ellette.Tengdin@gmail.com,police officer
103,Rosene,Bouchard,Rosene.Bouchard@yopmail.com,Rosene.Bouchard@gmail.com,firefighter
104,Atlanta,Dosia,Atlanta.Dosia@yopmail.com,Atlanta.Dosia@gmail.com,police officer
105,Cyndie,Shanley,Cyndie.Shanley@yopmail.com,Cyndie.Shanley@gmail.com,firefighter
106,Devina,Wooster,Devina.Wooster@yopmail.com,Devina.Wooster@gmail.com,police officer
107,Joy,Grayce,Joy.Grayce@yopmail.com,Joy.Grayce@gmail.com,doctor
108,Averyl,Hazlett,Averyl.Hazlett@yopmail.com,Averyl.Hazlett@gmail.com,doctor
109,Judy,Dahlia,Judy.Dahlia@yopmail.com,Judy.Dahlia@gmail.com,developer
110,Sandie,Iiette,Sandie.Iiette@yopmail.com,Sandie.Iiette@gmail.com,police officer
111,Antonietta,Louanna,Antonietta.Louanna@yopmail.com,Antonietta.Louanna@gmail.com,doctor
112,Trudie,Chabot,Trudie.Chabot@yopmail.com,Trudie.Chabot@gmail.com,police officer
113,Leia,Vernier,Leia.Verniernier@gmail.com,firefighter
114,Doro,Lacombe,Doro.Lacombe@yopmail.com,Doro.Lacombe@gmail.com,developer
115,Gui,Chandler,Gui.Chandler@yopmail.com,Gui.Chandler@gmail.com,police officer
116,Anthia,Dorothy,Anthia.Dorothy@yopmail.com,Anthia.Dorothy@gmail.com,police officer
117,Babita,Connelly,Babita.Connelly@yopmail.com,Babita.Connelly@gmail.com,worker
118,Nollie,Lea,Nollie.Lea@yopmail.com,Nollie.Lea@gmail.com,firefighter
119,Tersina,Sibyls,Tersina.Sibyls@yopmail.com,Tersina.Sibyls@gmail.com,police officer
120,Linzy,Cottle,Linzy.Cottle@yopmail.com,Linzy.Cottle@gmail.com,doctor
121,Alyssa,Rese,Alyssa.Rese@yopmail.com,Alyssa.Rese@gmail.com,doctor
122,Libbie,Rona,Libbie.Rona@yopmail.com,Libbie.Rona@gmail.com,doctor
123,Claudina,MacIntosh,Claudina.MacIntosh@yopmail.com,Claudina.MacIntosh@gmail.com,developer
124,Renae,Scammon,Renae.Scammon@yopmail.com,Renae.Scammon@gmail.com,firefighter
125,Kristina,Brodench,Kristina.Brodench@yopmail.com,Kristina.Brodench@gmail.com,worker
126,Sidoney,Gladstone,Sidoney.Gladstone@yopmail.com,Sidoney.Gladstone@gmail.com,doctor
127,Shaylyn,Albertine,Shaylyn.Albertine@yopmail.com,Shaylyn.Albertine@gmail.com,worker
128,Marleah,Suzetta,Marleah.Suzetta@yopmail.com,Marleah.Suzetta@gmail.com,police officer
129,Madelle,Drisko,Madelle.Drisko@yopmail.com,Madelle.Drisko@gmail.com,developer
130,Dione,Hilbert,Dione.Hilbert@yopmail.com,Dione.Hilbert@gmail.com,police officer
131,Myriam,Gibbeon,Myriam.Gibbeon@yopmail.com,Myriam.Gibbeon@gmail.com,developer
132,Shandie,Hourigan,Shandie.Hourigan@yopmail.gan@gmail.com,worker
133,Corry,Amasa,Corry.Amasa@yopmail.com,Corry.Amasa@gmail.com,worker
134,Malina,Angelis,Malina.Angelis@yopmail.com,Malina.Angelis@gmail.com,police officer
135,Brana,Sikorski,Brana.Sikorski@yopmail.com,Brana.Sikorski@gmail.com,firefighter
136,Meg,Valerio,Meg.Valerio@yopmail.com,Meg.Valerio@gmail.com,police officer
137,Sarette,Eiser,Sarette.Eiser@yopmail.com,Sarette.Eiser@gmail.com,doctor
138,Krystle,Holbrook,Krystle.Holbrook@yopmail.com,Krystle.Holbrook@gmail.com,developer
139,Evaleen,Elbertina,Evaleen.Elbertina@yopmail.com,Evaleen.Elbertina@gmail.com,police officer
140,Noelle,Marlie,Noelle.Marlie@yopmail.com,Noelle.Marlie@gmail.com,police officer
141,Lorenza,Bobbee,Lorenza.Bobbee@yopmail.com,Lorenza.Bobbee@gmail.com,worker
142,Brianna,Dawkins,Brianna.Dawkins@yopmail.com,Brianna.Dawkins@gmail.com,firefighter
143,Maurene,Waldron,Maurene.Waldron@yopmail.com,Maurene.Waldron@gmail.com,police officer
144,Dolli,Hachmin,Dolli.Hachmin@yopmail.com,Dolli.Hachmin@gmail.com,doctor
145,Marita,Bryna,Marita.Bryna@yopmail.com,Marita.Bryna@gmail.com,police officer
146,Marguerite,Beebe,Marguerite.Beebe@yopmail.com,Marguerite.Beebe@gmail.com,developer
147,Adele,Jalbert,Adele.Jalbert@yopmail.com,Adele.Jalbert@gmail.com,police officer
148,Ida,Margarete,Ida.Margarete@yopmail.com,Ida.Margarete@gmail.com,worker
149,Alex,Larochelle,Alex.Larochelle@yopmail.com,Alex.Larochelle@gmail.com,developer
150,Mireielle,Shaddock,Mireielle.Shaddock@yopmail.com,Mireielle.Shaddock@gmail.com,police officer
151,Annabela,Anyah,Annabela.Anyah@yopmail.com,Annabela.Anyah@gmail.com,worker
152,Grier,Ball,Grier.Ball@yopmail.com,Grier.Ball@gmail.com,developer
153,Meghann,Bouchard,Meghann.Bouchard@yopmail.com,Meghann.Bouchard@gmail.com,developer
154,Shaine,Chesna,Shaine.Chesna@yopmail.com,Shaine.Chesna@gmail.com,firefighter
155,Cherilyn,Lipson,Cherilyn.Lipson@yopmail.com,Cherilyn.Lipson@gmail.com,firefighter
156,Tamqrah,Yuille,Tamqrah.Yuille@yopmail.com,Tamqrah.Yuille@gmail.com,doctor
157,Nariko,Fosque,Nariko.Friko.Fosque@gmail.com,worker
158,Delilah,Gahl,Delilah.Gahl@yopmail.com,Delilah.Gahl@gmail.com,doctor
159,Devina,Ferrell,Devina.Ferrell@yopmail.com,Devina.Ferrell@gmail.com,firefighter
160,Darlleen,Mozelle,Darlleen.Mozelle@yopmail.com,Darlleen.Mozelle@gmail.com,developer
161,Marnia,Berriman,Marnia.Berriman@yopmail.com,Marnia.Berriman@gmail.com,firefighter
162,Jan,Linskey,Jan.Linskey@yopmail.com,Jan.Linskey@gmail.com,developer
163,Deloria,Stelle,Deloria.Stelle@yopmail.com,Deloria.Stelle@gmail.com,firefighter
164,Micheline,Berl,Micheline.Berl@yopmail.com,Micheline.Berl@gmail.com,doctor
165,Fernande,Henrie,Fernande.Henrie@yopmail.com,Fernande.Henrie@gmail.com,doctor
166,Gusty,Gombach,Gusty.Gombach@yopmail.com,Gusty.Gombach@gmail.com,firefighter
167,Aurore,Caitlin,Aurore.Caitlin@yopmail.com,Aurore.Caitlin@gmail.com,worker
168,Carol-Jean,Michella,Carol-Jean.Michella@yopmail.com,Carol-Jean.Michella@gmail.com,police officer
169,Aurelie,Heisel,Aurelie.Heisel@yopmail.com,Aurelie.Heisel@gmail.com,police officer
170,Emma,Damarra,Emma.Damarra@yopmail.com,Emma.Damarra@gmail.com,developer
171,Brena,Dudley,Brena.Dudley@yopmail.com,Brena.Dudley@gmail.com,firefighter
172,Charissa,Noam,Charissa.Noam@yopmail.com,Charissa.Noam@gmail.com,firefighter
173,Glenda,Flita,Glenda.Flita@yopmail.com,Glenda.Flita@gmail.com,firefighter
174,Shel,Valoniah,Shel.Valoniah@yopmail.com,Shel.Valoniah@gmail.com,doctor
175,Clarice,Orpah,Clarice.Orpah@yopmail.com,Clarice.Orpah@gmail.com,police officer
176,Carmela,Kathie,Carmela.Kathie@yopmail.com,Carmela.Kathie@gmail.com,developer
177,Valeda,Hutchison,Valeda.Hutchison@yopmail.com,Valeda.Hutchison@gmail.com,doctor
178,Berta,Flyn,Berta.Flyn@yopmail.com,Berta.Flyn@gmail.com,worker
179,Jasmina,Katrine,Jasmina.Katrine@yopmail.com,Jasmina.Katrine@gmail.com,police officer
180,Brooks,Ball,Brooks.Ball@yopmail.com,Brooks.Ball@gmail.com,developer
181,Kalina,Ax,Kalina.Ax@yopmail.com,Kalina.Ax@gmail.com,doctor
182,Margette,Old,Margette.Old@yopmail.com,Margette.Old@gmail.com,doctor
183,Andree,Hanleigh,Andree.Hanleigh@yopmail.com,Andree.Hanleigh@gmail.com,police officer
184,Chere,Hollingsworth,Chere.Hollingsworth@yopmail.com,Chere.Hollingsworth@gmail.com,police officer
185,Devina,Fleeta,Devina.Fleeta@yopmail.com,Devina.Fleeta@gmail.com,worker
186,Belva,Ade,Belva.Ade@yopmail.com,Belva.Ade@gmail.com,doctor
187,Sidoney,Dearborn,Sidoney.Dearborn@yopmail.com,Sidoney.Dearborn@gmail.com,worker
188,Pierette,Secrest,Pierette.Secrest@yopmail.com,Pierette.Secrest@gmail.com,worker
189,Leia,Kenney,Leia.Kenney@yopmail.com,Leia.Kenney@gmail.com,firefighter
190,Paulita,Bari,Paulita.Bari@yopmail.com,Paulita.Bari@gmail.com,firefighter
191,Lila,Wind,Lila.Wind@yopmail.com,Lila.Wind@gmail.com,police officer
192,Lulita,Dulciana,Lulita.Dulciana@yopmail.com,Lulita.Dulciana@gmail.com,worker
193,Emelina,Trinetta,Emelina.Trinetta@yopmail.com,Emelina.Trinetta@gmail.com,worker
194,Aili,Weide,Aili.Weide@yopmail.com,Aili.Weide@gmail.com,developer
195,Zaria,Marden,Zaria.Marden@yopmail.com,Zaria.Marden@gmail.com,doctor
196,Nyssa,Matthew,Nyssa.Matthew@yopmail.com,Nyssa.Matthew@gmail.com,doctor
197,Starla,Ardeha,Starla.Ardeha@yopmail.com,Starla.Ardeha@gmail.com,doctor
198,Brietta,Nelsen,Brietta.Nelsen@yopmail.com,Brietta.Nelsen@gmail.com,developer
199,Jenilee,Solitta,Jenilee.Solitta@yopmail.com,Jenilee.Solitta@gmail.com,doctor
200,Elka,Billye,Elka.Billye@yopmail.com,Elka.Billye@gmail.com,developer
201,Rani,Hortensia,Rani.Hortensia@yopmail.com,Rani.Hortensia@gmail.com,developer
202,Edee,Hull,Edee.Hull@yopmail.com,Edee.Hull@gmail.com,developer
203,Anestassia,Wenda,Anestassia.Wenda@yopmail.com,Anestassia.Wenda@gmail.com,developer
204,Myrtice,Loeb,Myrtice.Loeb@yopmail.com,Myrtice.Loeb@gmail.com,doctor
205,Orelia,Dunkin,Orelia.Dunkin@yopmail.com,Orelia.Dunkin@gmail.com,police officer
206,Ilse,Tremayne,Ilse.Tremayne@yopmail.com,Ilse.Tremayne@gmail.com,worker
207,Jolyn,Amadas,Jolyn.Amadas@yopmail.com,Jolyn.Amadas@gmail.com,doctor
208,Carlie,Goode,Carlie.Goode@yopmail.com,Carlie.Goode@gmail.com,developer
209,Mady,Genna,Mady.Genna@yopmail.com,Mady.Genna@gmail.com,doctor
210,Bobinette,Koehler,Bobinette.Koehler@yopmail.com,Bobinette.Koehler@gmail.com,firefighter
211,Ottilie,Zetta,Ottilie.Zetta@yopmail.com,Ottilie.Zetta@gmail.com,worker
212,Sabina,Richers,Sabina.Richers@yopmail.com,Sabina.Richers@gmail.com,worker
213,Sharai,Bibi,Sharai.Bibi@yopmail.com,Sharai.Bibi@gmail.com,doctor
214,Quintina,Faria,Quintina.Faria@yopmail.com,Quintina.Faria@gmail.com,doctor
215,Iseabal,Shama,Iseabal.Shama@yopmail.com,Iseabal.Shama@gmail.com,worker
216,Harrietta,Alejoa,Harrietta.Alejoa@yopmail.com,Harrietta.Alejoa@gmail.com,developer
217,Janeczka,Joachim,Janeczka.Joachim@yopmail.com,Janeczka.Joachim@gmail.com,worker
218,Dulcinea,Masao,Dulcinea.Masao@yopmail.com,Dulcinea.Masao@gmail.com,police officer
219,Zaria,Vacuva,Zaria.Vacuva@yopmail.com,Zaria.Vacuva@gmail.com,doctor
220,Susette,Marden,Susette.Marden@yopmail.com,Susette.Marden@gmail.com,doctor
221,Ingrid,Cherianne,Ingrid.Cherianne@yopmail.com,Ingrid.Cherianne@gmail.com,police officer
222,Olivette,Sandye,Olivette.Sandye@yopmail.com,Olivette.Sandye@gmail.com,firefighter
223,Berta,Arley,Berta.Arley@yopmail.com,Berta.Arley@gmail.com,doctor
224,Kassey,Harl,Kassey.Harl@yopmail.com,Kassey.Harl@gmail.com,developer
225,Damaris,Howlyn,Damaris.Howlyn@yopmail.com,Damaris.Howlyn@gmail.com,developer
226,Jsandye,Dearborn,Jsandye.Dearborn@yopmail.com,Jsandye.Dearborn@gmail.com,police officer
227,Amii,Prouty,Amii.Prouty@yopmail.com,Amii.Prouty@gmail.com,worker
228,Lorie,Noam,Lorie.Noam@yopmail.com,Lorie.Noam@gmail.com,firefighter
229,Marjie,Presber,Marjie.Presber@yopmail.com,Marjie.Presber@gmail.com,developer
230,Ariela,Izaak,Ariela.Izaak@yopmail.com,Ariela.Izaak@gmail.com,firefighter
231,Marti,Gaal,Marti.Gaal@yopmail.com,Marti.Gaal@gmail.com,doctor
232,Imojean,Telfer,Imojean.Telfer@yopmail.com,Imojean.Telfer@gmail.com,developer
233,Riannon,Koehler,Riannon.Koehler@yopmail.com,Riannon.Koehler@gmail.com,doctor
234,Janenna,Lilas,Janenna.Lilas@yopmail.com,Janenna.Lilas@gmail.com,police officer
235,Max,McClimans,Max.McClimans@yopmail.com,Max.McClimans@gmail.com,developer
236,Goldie,Roscoe,Goldie.Roscoe@yopmail.com,Goldie.Roscoe@gmail.com,developer
237,Florencia,Ophelia,Florencia.Ophelia@yopmail.com,Florencia.Ophelia@gmail.com,worker
238,Clarice,Syd,Clarice.Syd@yopmail.com,Clarice.Syd@gmail.com,worker
239,Queenie,Arathorn,Queenie.Arathorn@yopmail.com,Queenie.Arathorn@gmail.com,worker
240,Beverley,Noam,Beverley.Noam@yopmail.com,Beverley.Noam@gmail.com,doctor
241,Desirae,Vins,Desirae.Vins@yopmail.com,Desirae.Vins@gmail.com,worker
242,Gavrielle,Christine,Gavrielle.Christine@yopmail.com,Gavrielle.Christine@gmail.com,firefighter
243,Lolita,Felizio,Lolita.Felizio@yopmail.com,Lolita.Felizio@gmail.com,doctor
244,Angelique,Tayib,Angelique.Tayib@yopmail.com,Angelique.Tayib@gmail.com,doctor
245,Eve,Malvino,Eve.Malvino@yopmail.com,Eve.Malvino@gmail.com,developer
246,Kerrin,Clarissa,Kerrin.Clarissa@yopmail.com,Kerrin.Clarissa@gmail.com,firefighter
247,Celisse,Swanhildas,Celisse.Swanhildas@yopmail.com,Celisse.Swanhildas@gmail.com,doctor
248,Elora,Celestine,Elora.Celestine@yopmail.com,Elora.Celestine@gmail.com,police officer
249,Louella,Kussell,Louella.Kussell@yopmail.com,Louella.Kussell@gmail.com,firefighter
250,Kirstin,Glenden,Kirstin.Glenden@yopmail.com,Kirstin.Glenden@gmail.com,police officer
251,Sibella,Syd,Sibella.Syd@yopmail.com,Sibella.Syd@gmail.com,developer
252,Helsa,Joli,Helsa.Joli@yopmail.com,Helsa.Joli@gmail.com,firefighter
253,Antonietta,Schroth,Antonietta.Schroth@yopmail.com,Antonietta.Schroth@gmail.com,worker
254,Ingrid,Kimmie,Ingrid.Kimmie@yopmail.com,Ingrid.Kimmie@gmail.com,police officer
255,Collen,Artie,Collen.Artie@yopmail.com,Collen.Artie@gmail.com,worker
256,Gusella,Lanita,Gusella.Lanita@yopmail.com,Gusella.Lanita@gmail.com,doctor
257,Elvira,Berne,Elvira.Berne@yopmail.com,Elvira.Berne@gmail.com,firefighter
258,Maud,Sholley,Maud.Sholley@yopmail.com,Maud.Sholley@gmail.com,firefighter
259,Priscilla,Gilmour,Priscilla.Gilmour@yopmail.com,Priscilla.Gilmour@gmail.com,police officer
260,Valeda,Shama,Valeda.Shama@yopmail.com,Valeda.Shama@gmail.com,developer
261,Orelia,Kenney,Orelia.Kenney@yopmail.com,Orelia.Kenney@gmail.com,developer
262,Vanessa,Sholley,Vanessa.Sholley@yopmail.com,Vanessa.Sholley@gmail.com,police officer
263,Aimil,Gale,Aimil.Gale@yopmail.com,Aimil.Gale@gmail.com,police officer
264,Mara,Aldric,Mara.Aldric@yopmail.com,Mara.Aldric@gmail.com,doctor
265,Jaclyn,Quent,Jaclyn.Quent@yopmail.com,Jaclyn.Quent@gmail.com,police officer
266,Raquela,Corabella,Raquela.Corabella@yopmail.com,Raquela.Corabella@gmail.com,worker
267,Harrietta,Barrus,Harrietta.Barrus@yopmail.com,Harrietta.Barrus@gmail.com,firefighter
268,Audrie,Chem,Audrie.Chem@yopmail.com,Audrie.Chem@gmail.com,firefighter
269,Aurore,Strephon,Aurore.Strephon@yopmail.com,Aurore.Strephon@gmail.com,police officer
270,Kathy,Bevin,Kathy.Bevin@yopmail.com,Kathy.Bevin@gmail.com,worker
271,Ardys,Anselmi,Ardys.Anselmi@yopmail.com,Ardys.Anselmi@gmail.com,worker
272,Aimil,Talia,Aimil.Talia@yopmail.com,Aimil.Talia@gmail.com,police officer
273,Miquela,Hazlett,Miquela.Hazlett@yopmail.com,Miquela.Hazlett@gmail.com,firefighter
274,Mildrid,Croix,Mildrid.Croix@yopmail.com,Mildrid.Croix@gmail.com,police officer
275,Gavrielle,Vittoria,Gavrielle.Vittoria@yopmail.com,Gavrielle.Vittoria@gmail.com,worker
276,Carly,Kiersten,Carly.Kiersten@yopmail.com,Carly.Kiersten@gmail.com,firefighter
277,Edith,Nisbet,Edith.Nisbet@yopmail.com,Edith.Nisbet@gmail.com,developer
278,Jeanna,Zenas,Jeanna.Zenas@yopmail.com,Jeanna.Zenas@gmail.com,doctor
279,Dominga,Bronk,Dominga.Bronk@yopmail.com,Dominga.Bronk@gmail.com,police officer
280,Lynea,Hartnett,Lynea.Hartnett@yopmail.com,Lynea.Hartnett@gmail.com,firefighter
281,Sean,Ummersen,Sean.Ummersen@yopmail.com,Sean.Ummersen@gmail.com,developer
282,Gabriellia,Elbertina,Gabriellia.Elbertina@yopmail.com,Gabriellia.Elbertina@gmail.com,police officer
283,Ericka,Elvyn,Ericka.Elvyn@yopmail.com,Ericka.Elvyn@gmail.com,police officer
284,Johna,Fiann,Johna.Fiann@yopmail.com,Johna.Fiann@gmail.com,developer
285,Heddie,Georgy,Heddie.Georgy@yopmail.com,Heddie.Georgy@gmail.com,developer
286,Carmencita,Cordi,Carmencita.Cordi@yopmail.com,Carmencita.Cordi@gmail.com,worker
287,Mary,Docilla,Mary.Docilla@yopmail.com,Mary.Docilla@gmail.com,firefighter
288,Aigneis,Briney,Aigneis.Briney@yopmail.com,Aigneis.Briney@gmail.com,worker
289,Elena,Dash,Elena.Dash@yopmail.com,Elena.Dash@gmail.com,developer
290,Emelina,Ethban,Emelina.Ethban@yopmail.com,Emelina.Ethban@gmail.com,police officer
291,Ottilie,Graig,Ottilie.Graig@yopmail.com,Ottilie.Graig@gmail.com,firefighter
292,Kristan,Manolo,Kristan.Manolo@yopmail.com,Kristan.Manolo@gmail.com,police officer
293,Dania,Bryna,Dania.Bryna@yopmail.com,Dania.Bryna@gmail.com,firefighter
294,Tamqrah,Brotherson,Tamqrah.Brotherson@yopmail.com,Tamqrah.Brotherson@gmail.com,police officer
295,Carol-Jean,Munn,Carol-Jean.Munn@yopmail.com,Carol-Jean.Munn@gmail.com,worker
296,Imojean,Odysseus,Imojean.Odysseus@yopmail.com,Imojean.Odysseus@gmail.com,worker
297,Gwenneth,O'Rourke,Gwenneth.O'Rourke@yopmail.com,Gwenneth.O'Rourke@gmail.com,worker
298,Corina,Anyah,Corina.Anyah@yopmail.com,Corina.Anyah@gmail.com,developer
299,Ariela,Garbe,Ariela.Garbe@yopmail.com,Ariela.Garbe@gmail.com,police officer
300,Sindee,Gualtiero,Sindee.Gualtiero@yopmail.com,Sindee.Gualtiero@gmail.com,firefighter
301,Heida,Francyne,Heida.Francyne@yopmail.com,Heida.Francyne@gmail.com,worker
302,Kaia,Posner,Kaia.Posner@yopmail.com,Kaia.Posner@gmail.com,doctor
303,Goldie,Jotham,Goldie.Jotham@yopmail.com,Goldie.Jotham@gmail.com,developer
304,Bettine,Seumas,Bettine.Seumas@yopmail.com,Bettine.Seumas@gmail.com,police officer
305,Margarette,Brittani,Margarette.Brittani@yopmail.com,Margarette.Brittani@gmail.com,worker
306,Jobi,Skell,Jobi.Skell@yopmail.com,Jobi.Skell@gmail.com,doctor
307,Ana,Alwin,Ana.Alwin@yopmail.com,Ana.Alwin@gmail.com,firefighter
308,Hettie,Kussell,Hettie.Kussell@yopmail.com,Hettie.Kussell@gmail.com,firefighter
309,Melina,Madaih,Melina.Madaih@yopmail.com,Melina.Madaih@gmail.com,doctor
310,Netty,Vins,Netty.Vins@yopmail.com,Netty.Vins@gmail.com,worker
311,Berta,Liebermann,Berta.Liebermann@yopmail.com,Berta.Liebermann@gmail.com,worker
312,Joleen,Fax,Joleen.Fax@yopmail.com,Joleen.Fax@gmail.com,developer
313,Oona,Heidt,Oona.Heidt@yopmail.com,Oona.Heidt@gmail.com,firefighter
314,Merrie,Sibyls,Merrie.Sibyls@yopmail.com,Merrie.Sibyls@gmail.com,worker
315,Marinna,Delacourt,Marinna.Delacourt@yopmail.com,Marinna.Delacourt@gmail.com,developer
316,Lexine,Noelyn,Lexine.Noelyn@yopmail.com,Lexine.Noelyn@gmail.com,worker
317,Frank,Alfons,Frank.Alfons@yopmail.com,Frank.Alfons@gmail.com,developer
318,Vevay,Nerita,Vevay.Nerita@yopmail.com,Vevay.Nerita@gmail.com,police officer
319,Tracey,Shields,Tracey.Shields@yopmail.com,Tracey.Shields@gmail.com,worker
320,Dominga,Shama,Dominga.Shama@yopmail.com,Dominga.Shama@gmail.com,worker
321,Janeczka,Noam,Janeczka.Noam@yopmail.com,Janeczka.Noam@gmail.com,firefighter
322,Florencia,Latini,Florencia.Latini@yopmail.com,Florencia.Latini@gmail.com,firefighter
323,Tabbatha,Manolo,Tabbatha.Manolo@yopmail.com,Tabbatha.Manolo@gmail.com,developer
324,Juliane,Ingra,Juliane.Ingra@yopmail.com,Juliane.Ingra@gmail.com,firefighter
325,Amalie,Bryna,Amalie.Bryna@yopmail.com,Amalie.Bryna@gmail.com,police officer
326,Joy,Kress,Joy.Kress@yopmail.com,Joy.Kress@gmail.com,doctor
327,Kara-Lynn,Daniele,Kara-Lynn.Daniele@yopmail.com,Kara-Lynn.Daniele@gmail.com,police officer
328,Mildrid,Lauraine,Mildrid.Lauraine@yopmail.com,Mildrid.Lauraine@gmail.com,police officer
329,Lisette,Eno,Lisette.Eno@yopmail.com,Lisette.Eno@gmail.com,police officer
330,Gabriellia,Felizio,Gabriellia.Felizio@yopmail.com,Gabriellia.Felizio@gmail.com,firefighter
331,Ada,Anestassia,Ada.Anestassia@yopmail.com,Ada.Anestassia@gmail.com,firefighter
332,Chastity,Grimbly,Chastity.Grimbly@yopmail.com,Chastity.Grimbly@gmail.com,worker
333,Celisse,Sperling,Celisse.Sperling@yopmail.com,Celisse.Sperling@gmail.com,police officer
334,Allyce,Ochs,Allyce.Ochs@yopmail.com,Allyce.Ochs@gmail.com,firefighter
335,Gwenneth,Beniamino,Gwenneth.Beniamino@yopmail.com,Gwenneth.Beniamino@gmail.com,firefighter
336,Trixi,Creamer,Trixi.Creamer@yopmail.com,Trixi.Creamer@gmail.com,firefighter
337,Cam,Ries,Cam.Ries@yopmail.com,Cam.Ries@gmail.com,developer
338,Dulcinea,Clie,Dulcinea.Clie@yopmail.com,Dulcinea.Clie@gmail.com,worker
339,Livvyy,Diann,Livvyy.Diann@yopmail.com,Livvyy.Diann@gmail.com,doctor
340,Elsie,Doig,Elsie.Doig@yopmail.com,Elsie.Doig@gmail.com,doctor
341,Emilia,Allys,Emilia.Allys@yopmail.com,Emilia.Allys@gmail.com,developer
342,Ezmeralda,Modie,Ezmeralda.Modie@yopmail.com,Ezmeralda.Modie@gmail.com,doctor
343,Joelly,Papageno,Joelly.Papageno@yopmail.com,Joelly.Papageno@gmail.com,police officer
344,Ruthe,Noman,Ruthe.Noman@yopmail.com,Ruthe.Noman@gmail.com,police officer
345,Ardeen,Guthrie,Ardeen.Guthrie@yopmail.com,Ardeen.Guthrie@gmail.com,worker
346,Judy,Corrine,Judy.Corrine@yopmail.com,Judy.Corrine@gmail.com,firefighter
347,Mady,Poll,Mady.Poll@yopmail.com,Mady.Poll@gmail.com,doctor
348,Myrtice,Jethro,Myrtice.Jethro@yopmail.com,Myrtice.Jethro@gmail.com,firefighter
349,Ayn,Aida,Ayn.Aida@yopmail.com,Ayn.Aida@gmail.com,doctor
350,Cathie,Yuille,Cathie.Yuille@yopmail.com,Cathie.Yuille@gmail.com,firefighter
351,Fidelia,Tound,Fidelia.Tound@yopmail.com,Fidelia.Tound@gmail.com,firefighter
352,Elfreda,Selway,Elfreda.Selway@yopmail.com,Elfreda.Selway@gmail.com,firefighter
353,Kristan,Weinreb,Kristan.Weinreb@yopmail.com,Kristan.Weinreb@gmail.com,worker
354,Aubrie,Honoria,Aubrie.Honoria@yopmail.com,Aubrie.Honoria@gmail.com,doctor
355,Gwenneth,Brodench,Gwenneth.Brodench@yopmail.com,Gwenneth.Brodench@gmail.com,police officer
356,Damaris,Norvol,Damaris.Norvol@yopmail.com,Damaris.Norvol@gmail.com,doctor
357,Tatiania,Flita,Tatiania.Flita@yopmail.com,Tatiania.Flita@gmail.com,police officer
358,Carmela,Decato,Carmela.Decato@yopmail.com,Carmela.Decato@gmail.com,police officer
359,Camile,Duwalt,Camile.Duwalt@yopmail.com,Camile.Duwalt@gmail.com,firefighter
360,Lulita,Hunfredo,Lulita.Hunfredo@yopmail.com,Lulita.Hunfredo@gmail.com,firefighter
361,Rochette,Quent,Rochette.Quent@yopmail.com,Rochette.Quent@gmail.com,developer
362,Pierette,Primalia,Pierette.Primalia@yopmail.com,Pierette.Primalia@gmail.com,worker
363,Joelly,Tice,Joelly.Tice@yopmail.com,Joelly.Tice@gmail.com,police officer
364,Kylynn,Alfons,Kylynn.Alfons@yopmail.com,Kylynn.Alfons@gmail.com,firefighter
365,Laurene,Eben,Laurene.Eben@yopmail.com,Laurene.Eben@gmail.com,developer
366,Sidoney,Othilia,Sidoney.Othilia@yopmail.com,Sidoney.Othilia@gmail.com,worker
367,Miquela,Goth,Miquela.Goth@yopmail.com,Miquela.Goth@gmail.com,developer
368,Grier,Serilda,Grier.Serilda@yopmail.com,Grier.Serilda@gmail.com,worker
369,Millie,Pip,Millie.Pip@yopmail.com,Millie.Pip@gmail.com,firefighter
370,Teddie,Parette,Teddie.Parette@yopmail.com,Teddie.Parette@gmail.com,developer
371,Dulcinea,Sperling,Dulcinea.Sperling@yopmail.com,Dulcinea.Sperling@gmail.com,worker
372,Lisette,Ilka,Lisette.Ilka@yopmail.com,Lisette.Ilka@gmail.com,doctor
373,Gisela,Mallon,Gisela.Mallon@yopmail.com,Gisela.Mallon@gmail.com,doctor
374,Tatiania,Kat,Tatiania.Kat@yopmail.com,Tatiania.Kat@gmail.com,worker
375,Kate,Gaulin,Kate.Gaulin@yopmail.com,Kate.Gaulin@gmail.com,doctor
376,Minne,Borrell,Minne.Borrell@yopmail.com,Minne.Borrell@gmail.com,developer
377,Lindie,Gahl,Lindie.Gahl@yopmail.com,Lindie.Gahl@gmail.com,police officer
378,Elka,Pillsbury,Elka.Pillsbury@yopmail.com,Elka.Pillsbury@gmail.com,doctor
379,Nerta,Ellord,Nerta.Ellord@yopmail.com,Nerta.Ellord@gmail.com,worker
380,Carmela,Shuler,Carmela.Shuler@yopmail.com,Carmela.Shuler@gmail.com,developer
381,Claresta,Ricarda,Claresta.Ricarda@yopmail.com,Claresta.Ricarda@gmail.com,police officer
382,Sarette,Xerxes,Sarette.Xerxes@yopmail.com,Sarette.Xerxes@gmail.com,police officer
383,Magdalena,O'Rourke,Magdalena.O'Rourke@yopmail.com,Magdalena.O'Rourke@gmail.com,firefighter
384,Albertina,Desai,Albertina.Desai@yopmail.com,Albertina.Desai@gmail.com,police officer
385,Georgetta,Vale,Georgetta.Vale@yopmail.com,Georgetta.Vale@gmail.com,doctor
386,Adriana,Kamaria,Adriana.Kamaria@yopmail.com,Adriana.Kamaria@gmail.com,worker
387,Jessamyn,Manolo,Jessamyn.Manolo@yopmail.com,Jessamyn.Manolo@gmail.com,developer
388,Fayre,Aurelio,Fayre.Aurelio@yopmail.com,Fayre.Aurelio@gmail.com,police officer
389,Alisha,Edison,Alisha.Edison@yopmail.com,Alisha.Edison@gmail.com,police officer
390,Nananne,Brodench,Nananne.Brodench@yopmail.com,Nananne.Brodench@gmail.com,police officer
391,Zaria,Kathie,Zaria.Kathie@yopmail.com,Zaria.Kathie@gmail.com,developer
392,Alexine,Drisko,Alexine.Drisko@yopmail.com,Alexine.Drisko@gmail.com,developer
393,Mignon,Robertson,Mignon.Robertson@yopmail.com,Mignon.Robertson@gmail.com,worker
394,Alejandra,Ophelia,Alejandra.Ophelia@yopmail.com,Alejandra.Ophelia@gmail.com,developer
395,Regina,Kazimir,Regina.Kazimir@yopmail.com,Regina.Kazimir@gmail.com,doctor
396,Perry,Natica,Perry.Natica@yopmail.com,Perry.Natica@gmail.com,doctor
397,Maridel,Garek,Maridel.Garek@yopmail.com,Maridel.Garek@gmail.com,firefighter
398,Chickie,Bates,Chickie.Bates@yopmail.com,Chickie.Bates@gmail.com,firefighter
399,Donnie,Sherrie,Donnie.Sherrie@yopmail.com,Donnie.Sherrie@gmail.com,developer
400,Emmey,Ventre,Emmey.Ventre@yopmail.com,Emmey.Ventre@gmail.com,doctor
401,Loree,Tice,Loree.Tice@yopmail.com,Loree.Tice@gmail.com,doctor
402,Melisent,Bonucci,Melisent.Bonucci@yopmail.com,Melisent.Bonucci@gmail.com,firefighter
403,Miquela,Lorain,Miquela.Lorain@yopmail.com,Miquela.Lorain@gmail.com,worker
404,Dorthy,Diann,Dorthy.Diann@yopmail.com,Dorthy.Diann@gmail.com,worker
405,Anthia,Ciro,Anthia.Ciro@yopmail.com,Anthia.Ciro@gmail.com,doctor
406,Agnese,Amasa,Agnese.Amasa@yopmail.com,Agnese.Amasa@gmail.com,doctor
407,Gretal,Cohdwell,Gretal.Cohdwell@yopmail.com,Gretal.Cohdwell@gmail.com,firefighter
408,Cordi,Aloise,Cordi.Aloise@yopmail.com,Cordi.Aloise@gmail.com,police officer
409,Tami,Merat,Tami.Merat@yopmail.com,Tami.Merat@gmail.com,doctor
410,Hayley,Vastah,Hayley.Vastah@yopmail.com,Hayley.Vastah@gmail.com,worker
411,Alyssa,Regan,Alyssa.Regan@yopmail.com,Alyssa.Regan@gmail.com,police officer
412,Deloria,Leler,Deloria.Leler@yopmail.com,Deloria.Leler@gmail.com,police officer
413,Christy,Naor,Christy.Naor@yopmail.com,Christy.Naor@gmail.com,police officer
414,Jaclyn,Toni,Jaclyn.Toni@yopmail.com,Jaclyn.Toni@gmail.com,police officer
415,Cathie,Carmena,Cathie.Carmena@yopmail.com,Cathie.Carmena@gmail.com,firefighter
416,Iseabal,Wadell,Iseabal.Wadell@yopmail.com,Iseabal.Wadell@gmail.com,firefighter
417,Xylina,Kamaria,Xylina.Kamaria@yopmail.com,Xylina.Kamaria@gmail.com,doctor
418,Hollie,Swanhildas,Hollie.Swanhildas@yopmail.com,Hollie.Swanhildas@gmail.com,developer
419,Liana,Quent,Liana.Quent@yopmail.com,Liana.Quent@gmail.com,firefighter
420,Jemie,Grimbly,Jemie.Grimbly@yopmail.com,Jemie.Grimbly@gmail.com,firefighter
421,Ira,Gavrila,Ira.Gavrila@yopmail.com,Ira.Gavrila@gmail.com,police officer
422,Ellette,Joachim,Ellette.Joachim@yopmail.com,Ellette.Joachim@gmail.com,firefighter
423,Rubie,Maryanne,Rubie.Maryanne@yopmail.com,Rubie.Maryanne@gmail.com,developer
424,Melanie,Deny,Melanie.Deny@yopmail.com,Melanie.Deny@gmail.com,developer
425,Chandra,Cutlerr,Chandra.Cutlerr@yopmail.com,Chandra.Cutlerr@gmail.com,developer
426,Claresta,Han,Claresta.Han@yopmail.com,Claresta.Han@gmail.com,doctor
427,Rori,Esmaria,Rori.Esmaria@yopmail.com,Rori.Esmaria@gmail.com,worker
428,Chere,Artie,Chere.Artie@yopmail.com,Chere.Artie@gmail.com,police officer
429,Louella,Bennie,Louella.Bennie@yopmail.com,Louella.Bennie@gmail.com,developer
430,Tilly,Leonard,Tilly.Leonard@yopmail.com,Tilly.Leonard@gmail.com,worker
431,Myriam,Ranjiv,Myriam.Ranjiv@yopmail.com,Myriam.Ranjiv@gmail.com,police officer
432,Valera,Lacombe,Valera.Lacombe@yopmail.com,Valera.Lacombe@gmail.com,worker
433,Kary,Hessler,Kary.Hessler@yopmail.com,Kary.Hessler@gmail.com,worker
434,Vevay,Magdalen,Vevay.Magdalen@yopmail.com,Vevay.Magdalen@gmail.com,firefighter
435,Meg,Rossner,Meg.Rossner@yopmail.com,Meg.Rossner@gmail.com,police officer
436,Pearline,Gaspard,Pearline.Gaspard@yopmail.com,Pearline.Gaspard@gmail.com,worker
437,Valera,Annabella,Valera.Annabella@yopmail.com,Valera.Annabella@gmail.com,police officer
438,Cyb,Cleo,Cyb.Cleo@yopmail.com,Cyb.Cleo@gmail.com,police officer
439,Frieda,Iiette,Frieda.Iiette@yopmail.com,Frieda.Iiette@gmail.com,firefighter
440,Lusa,Yoko,Lusa.Yoko@yopmail.com,Lusa.Yoko@gmail.com,worker
441,Marika,Pascia,Marika.Pascia@yopmail.com,Marika.Pascia@gmail.com,police officer
442,Jere,Roarke,Jere.Roarke@yopmail.com,Jere.Roarke@gmail.com,developer
443,Katharina,Moina,Katharina.Moina@yopmail.com,Katharina.Moina@gmail.com,doctor
444,Amelia,Hepsibah,Amelia.Hepsibah@yopmail.com,Amelia.Hepsibah@gmail.com,doctor
445,Ruthe,Cherianne,Ruthe.Cherianne@yopmail.com,Ruthe.Cherianne@gmail.com,worker
446,Orsola,Faria,Orsola.Faria@yopmail.com,Orsola.Faria@gmail.com,doctor
447,Pamella,Lemuela,Pamella.Lemuela@yopmail.com,Pamella.Lemuela@gmail.com,police officer
448,Marita,Alva,Marita.Alva@yopmail.com,Marita.Alva@gmail.com,police officer
449,Damaris,McClimans,Damaris.McClimans@yopmail.com,Damaris.McClimans@gmail.com,police officer
450,Calla,Adamsen,Calla.Adamsen@yopmail.com,Calla.Adamsen@gmail.com,police officer
451,Willetta,Boycey,Willetta.Boycey@yopmail.com,Willetta.Boycey@gmail.com,doctor
452,Lindie,Reneta,Lindie.Reneta@yopmail.com,Lindie.Reneta@gmail.com,developer
453,Camile,Wilona,Camile.Wilona@yopmail.com,Camile.Wilona@gmail.com,firefighter
454,Chrystel,Noam,Chrystel.Noam@yopmail.com,Chrystel.Noam@gmail.com,police officer
455,Christy,Kermit,Christy.Kermit@yopmail.com,Christy.Kermit@gmail.com,worker
456,Norine,Carleen,Norine.Carleen@yopmail.com,Norine.Carleen@gmail.com,police officer
457,Shel,Rebecka,Shel.Rebecka@yopmail.com,Shel.Rebecka@gmail.com,firefighter
458,Stephanie,Lanita,Stephanie.Lanita@yopmail.com,Stephanie.Lanita@gmail.com,police officer
459,Gisela,Skurnik,Gisela.Skurnik@yopmail.com,Gisela.Skurnik@gmail.com,police officer
460,Aurelie,Earlie,Aurelie.Earlie@yopmail.com,Aurelie.Earlie@gmail.com,firefighter
461,Shell,Modie,Shell.Modie@yopmail.com,Shell.Modie@gmail.com,worker
462,Roslyn,Florina,Roslyn.Florina@yopmail.com,Roslyn.Florina@gmail.com,police officer
463,Farrah,Burch,Farrah.Burch@yopmail.com,Farrah.Burch@gmail.com,worker
464,Rhoda,Germann,Rhoda.Germann@yopmail.com,Rhoda.Germann@gmail.com,firefighter
465,Sybille,Hourigan,Sybille.Hourigan@yopmail.com,Sybille.Hourigan@gmail.com,doctor
466,Florencia,Redmond,Florencia.Redmond@yopmail.com,Florencia.Redmond@gmail.com,developer
467,Kamilah,O'Carroll,Kamilah.O'Carroll@yopmail.com,Kamilah.O'Carroll@gmail.com,worker
468,Tressa,Garrison,Tressa.Garrison@yopmail.com,Tressa.Garrison@gmail.com,developer
469,Brietta,Braun,Brietta.Braun@yopmail.com,Brietta.Braun@gmail.com,worker
470,Stephanie,Natica,Stephanie.Natica@yopmail.com,Stephanie.Natica@gmail.com,doctor
471,Aaren,Kristi,Aaren.Kristi@yopmail.com,Aaren.Kristi@gmail.com,police officer
472,Valera,Mallon,Valera.Mallon@yopmail.com,Valera.Mallon@gmail.com,firefighter
473,Melina,Mullane,Melina.Mullane@yopmail.com,Melina.Mullane@gmail.com,developer
474,Theodora,Ries,Theodora.Ries@yopmail.com,Theodora.Ries@gmail.com,worker
475,Madelle,Mullane,Madelle.Mullane@yopmail.com,Madelle.Mullane@gmail.com,police officer
476,Ottilie,Pelagias,Ottilie.Pelagias@yopmail.com,Ottilie.Pelagias@gmail.com,doctor
477,Heida,Therine,Heida.Therine@yopmail.com,Heida.Therine@gmail.com,doctor
478,Iseabal,Standing,Iseabal.Standing@yopmail.com,Iseabal.Standing@gmail.com,worker
479,Patricia,Sherrie,Patricia.Sherrie@yopmail.com,Patricia.Sherrie@gmail.com,worker
480,Yvonne,Rustice,Yvonne.Rustice@yopmail.com,Yvonne.Rustice@gmail.com,worker
481,Lucille,Ochs,Lucille.Ochs@yopmail.com,Lucille.Ochs@gmail.com,firefighter
482,Glynnis,Helve,Glynnis.Helve@yopmail.com,Glynnis.Helve@gmail.com,developer
483,Danika,Barbey,Danika.Barbey@yopmail.com,Danika.Barbey@gmail.com,worker
484,Rani,Khorma,Rani.Khorma@yopmail.com,Rani.Khorma@gmail.com,police officer
485,Maryellen,Kronfeld,Maryellen.Kronfeld@yopmail.com,Maryellen.Kronfeld@gmail.com,developer
486,Regina,Lay,Regina.Lay@yopmail.com,Regina.Lay@gmail.com,firefighter
487,Raf,Diogenes,Raf.Diogenes@yopmail.com,Raf.Diogenes@gmail.com,worker
488,Ashlee,Payson,Ashlee.Payson@yopmail.com,Ashlee.Payson@gmail.com,doctor
489,Winifred,Macey,Winifred.Macey@yopmail.com,Winifred.Macey@gmail.com,worker
490,Catharine,Neva,Catharine.Neva@yopmail.com,Catharine.Neva@gmail.com,doctor
491,Merci,Parsaye,Merci.Parsaye@yopmail.com,Merci.Parsaye@gmail.com,police officer
492,Carmela,Simmonds,Carmela.Simmonds@yopmail.com,Carmela.Simmonds@gmail.com,firefighter
493,Christy,Glovsky,Christy.Glovsky@yopmail.com,Christy.Glovsky@gmail.com,worker
494,Konstance,Friede,Konstance.Friede@yopmail.com,Konstance.Friede@gmail.com,developer
495,Heddie,Boehike,Heddie.Boehike@yopmail.com,Heddie.Boehike@gmail.com,worker
496,Almeta,Marisa,Almeta.Marisa@yopmail.com,Almeta.Marisa@gmail.com,police officer
497,Belinda,Elvyn,Belinda.Elvyn@yopmail.com,Belinda.Elvyn@gmail.com,worker
498,Darlleen,Ogren,Darlleen.Ogren@yopmail.com,Darlleen.Ogren@gmail.com,doctor
499,Celestyna,Andrel,Celestyna.Andrel@yopmail.com,Celestyna.Andrel@gmail.com,doctor
500,Eve,Gaspard,Eve.Gaspard@yopmail.com,Eve.Gaspard@gmail.com,firefighter
501,Brana,Lucienne,Brana.Lucienne@yopmail.com,Brana.Lucienne@gmail.com,doctor
502,Gabi,Trey,Gabi.Trey@yopmail.com,Gabi.Trey@gmail.com,developer
503,Priscilla,Lea,Priscilla.Lea@yopmail.com,Priscilla.Lea@gmail.com,firefighter
504,Selma,Noam,Selma.Noam@yopmail.com,Selma.Noam@gmail.com,doctor
505,Aubrie,Romelda,Aubrie.Romelda@yopmail.com,Aubrie.Romelda@gmail.com,developer
506,Corry,Miru,Corry.Miru@yopmail.com,Corry.Miru@gmail.com,firefighter
507,Thalia,Bryna,Thalia.Bryna@yopmail.com,Thalia.Bryna@gmail.com,developer
508,Dorene,Aida,Dorene.Aida@yopmail.com,Dorene.Aida@gmail.com,worker
509,Paule,Bettine,Paule.Bettine@yopmail.com,Paule.Bettine@gmail.com,developer
510,Alisha,Kimmie,Alisha.Kimmie@yopmail.com,Alisha.Kimmie@gmail.com,police officer
511,Merry,Janene,Merry.Janene@yopmail.com,Merry.Janene@gmail.com,worker
512,Cyndie,Ogren,Cyndie.Ogren@yopmail.com,Cyndie.Ogren@gmail.com,police officer
513,Harmonia,Pitt,Harmonia.Pitt@yopmail.com,Harmonia.Pitt@gmail.com,worker
514,Merle,Morrill,Merle.Morrill@yopmail.com,Merle.Morrill@gmail.com,firefighter
515,Shell,Weinreb,Shell.Weinreb@yopmail.com,Shell.Weinreb@gmail.com,doctor
516,Rozele,Darrell,Rozele.Darrell@yopmail.com,Rozele.Darrell@gmail.com,worker
517,Leia,Jacinda,Leia.Jacinda@yopmail.com,Leia.Jacinda@gmail.com,police officer
518,Arabel,Meter,Arabel.Meter@yopmail.com,Arabel.Meter@gmail.com,police officer
519,Brooks,Romelda,Brooks.Romelda@yopmail.com,Brooks.Romelda@gmail.com,firefighter
520,Codie,Alcott,Codie.Alcott@yopmail.com,Codie.Alcott@gmail.com,police officer
521,Nessie,Colbert,Nessie.Colbert@yopmail.com,Nessie.Colbert@gmail.com,doctor
522,Livvyy,Johnsson,Livvyy.Johnsson@yopmail.com,Livvyy.Johnsson@gmail.com,doctor
523,Robinia,Tjon,Robinia.Tjon@yopmail.com,Robinia.Tjon@gmail.com,firefighter
524,Hollie,Bibi,Hollie.Bibi@yopmail.com,Hollie.Bibi@gmail.com,developer
525,Britni,Cullin,Britni.Cullin@yopmail.com,Britni.Cullin@gmail.com,developer
526,Wanda,Madox,Wanda.Madox@yopmail.com,Wanda.Madox@gmail.com,developer
527,Carol-Jean,Dalli,Carol-Jean.Dalli@yopmail.com,Carol-Jean.Dalli@gmail.com,firefighter
528,Tierney,Riordan,Tierney.Riordan@yopmail.com,Tierney.Riordan@gmail.com,worker
529,Hyacinthe,Verger,Hyacinthe.Verger@yopmail.com,Hyacinthe.Verger@gmail.com,worker
530,Grier,Killigrew,Grier.Killigrew@yopmail.com,Grier.Killigrew@gmail.com,firefighter
531,Anallese,Schenck,Anallese.Schenck@yopmail.com,Anallese.Schenck@gmail.com,developer
532,Brianna,Annice,Brianna.Annice@yopmail.com,Brianna.Annice@gmail.com,firefighter
533,Sibella,Malina,Sibella.Malina@yopmail.com,Sibella.Malina@gmail.com,worker
534,Cam,Winnick,Cam.Winnick@yopmail.com,Cam.Winnick@gmail.com,firefighter
535,Shaine,Han,Shaine.Han@yopmail.com,Shaine.Han@gmail.com,doctor
536,Rori,Gavrila,Rori.Gavrila@yopmail.com,Rori.Gavrila@gmail.com,doctor
537,Dulcinea,Kauppi,Dulcinea.Kauppi@yopmail.com,Dulcinea.Kauppi@gmail.com,firefighter
538,Olivette,Sibyls,Olivette.Sibyls@yopmail.com,Olivette.Sibyls@gmail.com,developer
539,Blondelle,Ilka,Blondelle.Ilka@yopmail.com,Blondelle.Ilka@gmail.com,firefighter
540,Candi,Bari,Candi.Bari@yopmail.com,Candi.Bari@gmail.com,developer
541,Molli,Radu,Molli.Radu@yopmail.com,Molli.Radu@gmail.com,doctor
542,Elmira,Stephie,Elmira.Stephie@yopmail.com,Elmira.Stephie@gmail.com,firefighter
543,Mady,Klotz,Mady.Klotz@yopmail.com,Mady.Klotz@gmail.com,worker
544,Florencia,Publia,Florencia.Publia@yopmail.com,Florencia.Publia@gmail.com,worker
545,Gale,Teryn,Gale.Teryn@yopmail.com,Gale.Teryn@gmail.com,worker
546,Harmonia,Juliet,Harmonia.Juliet@yopmail.com,Harmonia.Juliet@gmail.com,firefighter
547,Deedee,Kaete,Deedee.Kaete@yopmail.com,Deedee.Kaete@gmail.com,doctor
548,Madeleine,Abernon,Madeleine.Abernon@yopmail.com,Madeleine.Abernon@gmail.com,worker
549,Trudie,Gladstone,Trudie.Gladstone@yopmail.com,Trudie.Gladstone@gmail.com,worker
550,Jerry,Roche,Jerry.Roche@yopmail.com,Jerry.Roche@gmail.com,police officer
551,Beth,Couture,Beth.Couture@yopmail.com,Beth.Couture@gmail.com,doctor
552,Tiffie,Hubert,Tiffie.Hubert@yopmail.com,Tiffie.Hubert@gmail.com,doctor
553,Farrah,Pettiford,Farrah.Pettiford@yopmail.com,Farrah.Pettiford@gmail.com,doctor
554,Vonny,Chinua,Vonny.Chinua@yopmail.com,Vonny.Chinua@gmail.com,worker
555,Caryl,Wattenberg,Caryl.Wattenberg@yopmail.com,Caryl.Wattenberg@gmail.com,worker
556,Jinny,Sallyann,Jinny.Sallyann@yopmail.com,Jinny.Sallyann@gmail.com,worker
557,Xylina,Ax,Xylina.Ax@yopmail.com,Xylina.Ax@gmail.com,worker
558,Ursulina,Erlandson,Ursulina.Erlandson@yopmail.com,Ursulina.Erlandson@gmail.com,developer
559,Daphne,Kussell,Daphne.Kussell@yopmail.com,Daphne.Kussell@gmail.com,developer
560,Trixi,Chaing,Trixi.Chaing@yopmail.com,Trixi.Chaing@gmail.com,developer
561,Edyth,Tice,Edyth.Tice@yopmail.com,Edyth.Tice@gmail.com,worker
562,Karina,McCutcheon,Karina.McCutcheon@yopmail.com,Karina.McCutcheon@gmail.com,developer
563,Glenda,Mata,Glenda.Mata@yopmail.com,Glenda.Mata@gmail.com,developer
564,Belinda,Ranjiv,Belinda.Ranjiv@yopmail.com,Belinda.Ranjiv@gmail.com,police officer
565,Amalie,Berl,Amalie.Berl@yopmail.com,Amalie.Berl@gmail.com,firefighter
566,Gerrie,Faust,Gerrie.Faust@yopmail.com,Gerrie.Faust@gmail.com,worker
567,Noelle,Yuille,Noelle.Yuille@yopmail.com,Noelle.Yuille@gmail.com,developer
568,Kylynn,Jess,Kylynn.Jess@yopmail.com,Kylynn.Jess@gmail.com,police officer
569,Almeta,Gladstone,Almeta.Gladstone@yopmail.com,Almeta.Gladstone@gmail.com,doctor
570,Jere,Wolfgram,Jere.Wolfgram@yopmail.com,Jere.Wolfgram@gmail.com,doctor
571,Paulita,Fredi,Paulita.Fredi@yopmail.com,Paulita.Fredi@gmail.com,firefighter
572,Marleah,Raimondo,Marleah.Raimondo@yopmail.com,Marleah.Raimondo@gmail.com,firefighter
573,Farrah,Beebe,Farrah.Beebe@yopmail.com,Farrah.Beebe@gmail.com,doctor
574,Caritta,Papageno,Caritta.Papageno@yopmail.com,Caritta.Papageno@gmail.com,developer
575,Vinita,Millda,Vinita.Millda@yopmail.com,Vinita.Millda@gmail.com,worker
576,Celisse,Shanley,Celisse.Shanley@yopmail.com,Celisse.Shanley@gmail.com,developer
577,Justinn,Niles,Justinn.Niles@yopmail.com,Justinn.Niles@gmail.com,police officer
578,Daune,Margarete,Daune.Margarete@yopmail.com,Daune.Margarete@gmail.com,doctor
579,Heida,Eliathas,Heida.Eliathas@yopmail.com,Heida.Eliathas@gmail.com,doctor
580,Kaja,Gilbertson,Kaja.Gilbertson@yopmail.com,Kaja.Gilbertson@gmail.com,developer
581,Genevra,Tamar,Genevra.Tamar@yopmail.com,Genevra.Tamar@gmail.com,worker
582,Fanny,Shirberg,Fanny.Shirberg@yopmail.com,Fanny.Shirberg@gmail.com,police officer
583,Beverley,Pattin,Beverley.Pattin@yopmail.com,Beverley.Pattin@gmail.com,firefighter
584,Orelia,Lipson,Orelia.Lipson@yopmail.com,Orelia.Lipson@gmail.com,worker
585,Jillayne,Dituri,Jillayne.Dituri@yopmail.com,Jillayne.Dituri@gmail.com,doctor
586,Jany,Firmin,Jany.Firmin@yopmail.com,Jany.Firmin@gmail.com,worker
587,Corly,Brittani,Corly.Brittani@yopmail.com,Corly.Brittani@gmail.com,worker
588,Augustine,Edison,Augustine.Edison@yopmail.com,Augustine.Edison@gmail.com,worker
589,Estell,Mauer,Estell.Mauer@yopmail.com,Estell.Mauer@gmail.com,developer
590,Isa,Ajay,Isa.Ajay@yopmail.com,Isa.Ajay@gmail.com,firefighter
591,Cristine,Bohlin,Cristine.Bohlin@yopmail.com,Cristine.Bohlin@gmail.com,developer
592,Merci,Maisey,Merci.Maisey@yopmail.com,Merci.Maisey@gmail.com,police officer
593,Antonietta,Lorain,Antonietta.Lorain@yopmail.com,Antonietta.Lorain@gmail.com,police officer
594,Celestyna,Serilda,Celestyna.Serilda@yopmail.com,Celestyna.Serilda@gmail.com,firefighter
595,Anestassia,Malanie,Anestassia.Malanie@yopmail.com,Anestassia.Malanie@gmail.com,firefighter
596,Sherrie,Curren,Sherrie.Curren@yopmail.com,Sherrie.Curren@gmail.com,police officer
597,Christy,Randene,Christy.Randene@yopmail.com,Christy.Randene@gmail.com,worker
598,Gertrud,Bury,Gertrud.Bury@yopmail.com,Gertrud.Bury@gmail.com,police officer
599,Letizia,Carvey,Letizia.Carvey@yopmail.com,Letizia.Carvey@gmail.com,doctor
600,Britte,Laurianne,Britte.Laurianne@yopmail.com,Britte.Laurianne@gmail.com,firefighter
601,Lynnea,Pulsifer,Lynnea.Pulsifer@yopmail.com,Lynnea.Pulsifer@gmail.com,doctor
602,Maridel,Norvol,Maridel.Norvol@yopmail.com,Maridel.Norvol@gmail.com,police officer
603,Britni,Wilkinson,Britni.Wilkinson@yopmail.com,Britni.Wilkinson@gmail.com,doctor
604,Gabriellia,Odysseus,Gabriellia.Odysseus@yopmail.com,Gabriellia.Odysseus@gmail.com,doctor
605,Brianna,Wildermuth,Brianna.Wildermuth@yopmail.com,Brianna.Wildermuth@gmail.com,worker
606,Alex,Burkle,Alex.Burkle@yopmail.com,Alex.Burkle@gmail.com,doctor
607,Annabela,Dearborn,Annabela.Dearborn@yopmail.com,Annabela.Dearborn@gmail.com,doctor
608,Ethel,Leffen,Ethel.Leffen@yopmail.com,Ethel.Leffen@gmail.com,firefighter
609,Judy,Warthman,Judy.Warthman@yopmail.com,Judy.Warthman@gmail.com,worker
610,Corina,Eiser,Corina.Eiser@yopmail.com,Corina.Eiser@gmail.com,police officer
611,Edyth,Scammon,Edyth.Scammon@yopmail.com,Edyth.Scammon@gmail.com,doctor
612,Devina,Anis,Devina.Anis@yopmail.com,Devina.Anis@gmail.com,developer
613,Tami,Anderea,Tami.Anderea@yopmail.com,Tami.Anderea@gmail.com,doctor
614,Joane,Monk,Joane.Monk@yopmail.com,Joane.Monk@gmail.com,worker
615,Vivia,Anastatius,Vivia.Anastatius@yopmail.com,Vivia.Anastatius@gmail.com,police officer
616,Cacilie,Egbert,Cacilie.Egbert@yopmail.com,Cacilie.Egbert@gmail.com,worker
617,Jsandye,Hillel,Jsandye.Hillel@yopmail.com,Jsandye.Hillel@gmail.com,police officer
618,Ariela,Nikaniki,Ariela.Nikaniki@yopmail.com,Ariela.Nikaniki@gmail.com,police officer
619,Lyssa,Louanna,Lyssa.Louanna@yopmail.com,Lyssa.Louanna@gmail.com,doctor
620,Alejandra,Shelba,Alejandra.Shelba@yopmail.com,Alejandra.Shelba@gmail.com,doctor
621,Tobe,Lail,Tobe.Lail@yopmail.com,Tobe.Lail@gmail.com,firefighter
622,Ann-Marie,Borrell,Ann-Marie.Borrell@yopmail.com,Ann-Marie.Borrell@gmail.com,firefighter
623,Asia,Si,Asia.Si@yopmail.com,Asia.Si@gmail.com,firefighter
624,Hildegaard,Payson,Hildegaard.Payson@yopmail.com,Hildegaard.Payson@gmail.com,police officer
625,Debee,Isacco,Debee.Isacco@yopmail.com,Debee.Isacco@gmail.com,firefighter
626,Helena,Smitt,Helena.Smitt@yopmail.com,Helena.Smitt@gmail.com,firefighter
627,Emma,Carri,Emma.Carri@yopmail.com,Emma.Carri@gmail.com,police officer
628,Mallory,Verger,Mallory.Verger@yopmail.com,Mallory.Verger@gmail.com,firefighter
629,Corina,Fulmer,Corina.Fulmer@yopmail.com,Corina.Fulmer@gmail.com,worker
630,Caressa,Kiyoshi,Caressa.Kiyoshi@yopmail.com,Caressa.Kiyoshi@gmail.com,firefighter
631,Konstance,Pillsbury,Konstance.Pillsbury@yopmail.com,Konstance.Pillsbury@gmail.com,doctor
632,Beatriz,Emmaline,Beatriz.Emmaline@yopmail.com,Beatriz.Emmaline@gmail.com,police officer
633,Verla,Munn,Verla.Munn@yopmail.com,Verla.Munn@gmail.com,firefighter
634,Viviene,Neils,Viviene.Neils@yopmail.com,Viviene.Neils@gmail.com,police officer
635,Vanessa,Willie,Vanessa.Willie@yopmail.com,Vanessa.Willie@gmail.com,doctor
636,Chere,Niccolo,Chere.Niccolo@yopmail.com,Chere.Niccolo@gmail.com,doctor
637,Nelle,Zamora,Nelle.Zamora@yopmail.com,Nelle.Zamora@gmail.com,doctor
638,Alia,Haymes,Alia.Haymes@yopmail.com,Alia.Haymes@gmail.com,worker
639,Aurore,Jenness,Aurore.Jenness@yopmail.com,Aurore.Jenness@gmail.com,police officer
640,Evaleen,Wandie,Evaleen.Wandie@yopmail.com,Evaleen.Wandie@gmail.com,police officer
641,Jordan,Burnside,Jordan.Burnside@yopmail.com,Jordan.Burnside@gmail.com,worker
642,Peri,Egbert,Peri.Egbert@yopmail.com,Peri.Egbert@gmail.com,developer
643,Elie,Boehike,Elie.Boehike@yopmail.com,Elie.Boehike@gmail.com,developer
644,Trixi,Deegan,Trixi.Deegan@yopmail.com,Trixi.Deegan@gmail.com,firefighter
645,Sallie,Barbey,Sallie.Barbey@yopmail.com,Sallie.Barbey@gmail.com,developer
646,Sarette,Dosia,Sarette.Dosia@yopmail.com,Sarette.Dosia@gmail.com,firefighter
647,Lacie,Munn,Lacie.Munn@yopmail.com,Lacie.Munn@gmail.com,doctor
648,Tani,Lesley,Tani.Lesley@yopmail.com,Tani.Lesley@gmail.com,doctor
649,Tomasina,Alva,Tomasina.Alva@yopmail.com,Tomasina.Alva@gmail.com,police officer
650,Alex,Warthman,Alex.Warthman@yopmail.com,Alex.Warthman@gmail.com,doctor
651,Korrie,Adrienne,Korrie.Adrienne@yopmail.com,Korrie.Adrienne@gmail.com,police officer
652,Brianna,Baylor,Brianna.Baylor@yopmail.com,Brianna.Baylor@gmail.com,police officer
653,Dominga,Robertson,Dominga.Robertson@yopmail.com,Dominga.Robertson@gmail.com,firefighter
654,Adore,Moseley,Adore.Moseley@yopmail.com,Adore.Moseley@gmail.com,doctor
655,Paola,Pyle,Paola.Pyle@yopmail.com,Paola.Pyle@gmail.com,developer
656,Vere,Stacy,Vere.Stacy@yopmail.com,Vere.Stacy@gmail.com,police officer
657,Belva,Jess,Belva.Jess@yopmail.com,Belva.Jess@gmail.com,doctor
658,Wendi,Lutero,Wendi.Lutero@yopmail.com,Wendi.Lutero@gmail.com,developer
659,Rozele,Jaylene,Rozele.Jaylene@yopmail.com,Rozele.Jaylene@gmail.com,firefighter
660,Jessamyn,Lacombe,Jessamyn.Lacombe@yopmail.com,Jessamyn.Lacombe@gmail.com,developer
661,Corina,Cloris,Corina.Cloris@yopmail.com,Corina.Cloris@gmail.com,developer
662,Anica,Kellby,Anica.Kellby@yopmail.com,Anica.Kellby@gmail.com,firefighter
663,Roxane,Pacorro,Roxane.Pacorro@yopmail.com,Roxane.Pacorro@gmail.com,doctor
664,Molli,Amadas,Molli.Amadas@yopmail.com,Molli.Amadas@gmail.com,doctor
665,Joy,Merna,Joy.Merna@yopmail.com,Joy.Merna@gmail.com,doctor
666,Angelique,Hashim,Angelique.Hashim@yopmail.com,Angelique.Hashim@gmail.com,doctor
667,Debee,Warthman,Debee.Warthman@yopmail.com,Debee.Warthman@gmail.com,worker
668,Ursulina,Melan,Ursulina.Melan@yopmail.com,Ursulina.Melan@gmail.com,police officer
669,Gwyneth,Plato,Gwyneth.Plato@yopmail.com,Gwyneth.Plato@gmail.com,developer
670,Ezmeralda,Allys,Ezmeralda.Allys@yopmail.com,Ezmeralda.Allys@gmail.com,police officer
671,Nonnah,Angelis,Nonnah.Angelis@yopmail.com,Nonnah.Angelis@gmail.com,firefighter
672,Lexine,Lynn,Lexine.Lynn@yopmail.com,Lexine.Lynn@gmail.com,developer
673,Pollyanna,Cloris,Pollyanna.Cloris@yopmail.com,Pollyanna.Cloris@gmail.com,police officer
674,Maye,Diogenes,Maye.Diogenes@yopmail.com,Maye.Diogenes@gmail.com,firefighter
675,Fernande,Edison,Fernande.Edison@yopmail.com,Fernande.Edison@gmail.com,worker
676,Rayna,Parette,Rayna.Parette@yopmail.com,Rayna.Parette@gmail.com,worker
677,Millie,Pettiford,Millie.Pettiford@yopmail.com,Millie.Pettiford@gmail.com,doctor
678,Sean,Milde,Sean.Milde@yopmail.com,Sean.Milde@gmail.com,worker
679,Frank,Jethro,Frank.Jethro@yopmail.com,Frank.Jethro@gmail.com,firefighter
680,Ardys,Noelyn,Ardys.Noelyn@yopmail.com,Ardys.Noelyn@gmail.com,worker
681,Sandie,Kare,Sandie.Kare@yopmail.com,Sandie.Kare@gmail.com,firefighter
682,Marcy,Stover,Marcy.Stover@yopmail.com,Marcy.Stover@gmail.com,worker
683,Tersina,LaRue,Tersina.LaRue@yopmail.com,Tersina.LaRue@gmail.com,doctor
684,Kalina,Berard,Kalina.Berard@yopmail.com,Kalina.Berard@gmail.com,doctor
685,Elvira,Love,Elvira.Love@yopmail.com,Elvira.Love@gmail.com,police officer
686,Sybille,Wilona,Sybille.Wilona@yopmail.com,Sybille.Wilona@gmail.com,developer
687,Dolli,Turne,Dolli.Turne@yopmail.com,Dolli.Turne@gmail.com,doctor
688,Mara,Dearborn,Mara.Dearborn@yopmail.com,Mara.Dearborn@gmail.com,worker
689,Corry,Ogren,Corry.Ogren@yopmail.com,Corry.Ogren@gmail.com,firefighter
690,Hettie,Chobot,Hettie.Chobot@yopmail.com,Hettie.Chobot@gmail.com,doctor
691,Dagmar,Zina,Dagmar.Zina@yopmail.com,Dagmar.Zina@gmail.com,developer
692,Maryellen,O'Carroll,Maryellen.O'Carroll@yopmail.com,Maryellen.O'Carroll@gmail.com,police officer
693,Mara,Rocray,Mara.Rocray@yopmail.com,Mara.Rocray@gmail.com,developer
694,Maud,Fleeta,Maud.Fleeta@yopmail.com,Maud.Fleeta@gmail.com,worker
695,Delilah,Hull,Delilah.Hull@yopmail.com,Delilah.Hull@gmail.com,firefighter
696,Xylina,Koziara,Xylina.Koziara@yopmail.com,Xylina.Koziara@gmail.com,developer
697,Angelique,Kirbee,Angelique.Kirbee@yopmail.com,Angelique.Kirbee@gmail.com,doctor
698,Kelly,Paine,Kelly.Paine@yopmail.com,Kelly.Paine@gmail.com,worker
699,Melanie,Jacinda,Melanie.Jacinda@yopmail.com,Melanie.Jacinda@gmail.com,worker
700,Priscilla,Orpah,Priscilla.Orpah@yopmail.com,Priscilla.Orpah@gmail.com,police officer
701,Riannon,Klotz,Riannon.Klotz@yopmail.com,Riannon.Klotz@gmail.com,developer
702,Julieta,Bobbee,Julieta.Bobbee@yopmail.com,Julieta.Bobbee@gmail.com,firefighter
703,Mignon,Tremayne,Mignon.Tremayne@yopmail.com,Mignon.Tremayne@gmail.com,developer
704,Kellen,Gahl,Kellen.Gahl@yopmail.com,Kellen.Gahl@gmail.com,worker
705,Annecorinne,Larochelle,Annecorinne.Larochelle@yopmail.com,Annecorinne.Larochelle@gmail.com,worker
706,Genovera,Haymes,Genovera.Haymes@yopmail.com,Genovera.Haymes@gmail.com,worker
707,Sybille,Oscar,Sybille.Oscar@yopmail.com,Sybille.Oscar@gmail.com,worker
708,Peri,Reidar,Peri.Reidar@yopmail.com,Peri.Reidar@gmail.com,police officer
709,Eve,Lucienne,Eve.Lucienne@yopmail.com,Eve.Lucienne@gmail.com,developer
710,Britni,Cutlerr,Britni.Cutlerr@yopmail.com,Britni.Cutlerr@gmail.com,police officer
711,Tori,Klemperer,Tori.Klemperer@yopmail.com,Tori.Klemperer@gmail.com,developer
712,Amii,Euridice,Amii.Euridice@yopmail.com,Amii.Euridice@gmail.com,developer
713,Michaelina,Sabella,Michaelina.Sabella@yopmail.com,Michaelina.Sabella@gmail.com,worker
714,Liana,Croix,Liana.Croix@yopmail.com,Liana.Croix@gmail.com,firefighter
715,Priscilla,Leifeste,Priscilla.Leifeste@yopmail.com,Priscilla.Leifeste@gmail.com,police officer
716,Lolita,Odell,Lolita.Odell@yopmail.com,Lolita.Odell@gmail.com,developer
717,Sallie,Truc,Sallie.Truc@yopmail.com,Sallie.Truc@gmail.com,worker
718,Ezmeralda,Evangelia,Ezmeralda.Evangelia@yopmail.com,Ezmeralda.Evangelia@gmail.com,police officer
719,Berget,Gaulin,Berget.Gaulin@yopmail.com,Berget.Gaulin@gmail.com,firefighter
720,Brena,Dash,Brena.Dash@yopmail.com,Brena.Dash@gmail.com,police officer
721,Gratia,Allina,Gratia.Allina@yopmail.com,Gratia.Allina@gmail.com,doctor
722,Letizia,Joeann,Letizia.Joeann@yopmail.com,Letizia.Joeann@gmail.com,doctor
723,Leontine,Nahum,Leontine.Nahum@yopmail.com,Leontine.Nahum@gmail.com,doctor
724,Kary,Arne,Kary.Arne@yopmail.com,Kary.Arne@gmail.com,firefighter
725,Trudie,Kinnard,Trudie.Kinnard@yopmail.com,Trudie.Kinnard@gmail.com,worker
726,Kassey,Deegan,Kassey.Deegan@yopmail.com,Kassey.Deegan@gmail.com,developer
727,Josephine,Seagraves,Josephine.Seagraves@yopmail.com,Josephine.Seagraves@gmail.com,doctor
728,Concettina,Garek,Concettina.Garek@yopmail.com,Concettina.Garek@gmail.com,doctor
729,Sean,Narton,Sean.Narton@yopmail.com,Sean.Narton@gmail.com,worker
730,Tori,Abram,Tori.Abram@yopmail.com,Tori.Abram@gmail.com,developer
731,Rosabelle,Mott,Rosabelle.Mott@yopmail.com,Rosabelle.Mott@gmail.com,worker
732,Paule,Bashemeth,Paule.Bashemeth@yopmail.com,Paule.Bashemeth@gmail.com,developer
733,Maurene,Jobi,Maurene.Jobi@yopmail.com,Maurene.Jobi@gmail.com,doctor
734,Wileen,Brenn,Wileen.Brenn@yopmail.com,Wileen.Brenn@gmail.com,worker
735,Cordi,Myrilla,Cordi.Myrilla@yopmail.com,Cordi.Myrilla@gmail.com,developer
736,Lucy,Seagraves,Lucy.Seagraves@yopmail.com,Lucy.Seagraves@gmail.com,police officer
737,Ayn,Japeth,Ayn.Japeth@yopmail.com,Ayn.Japeth@gmail.com,developer
738,Rosanne,Johanna,Rosanne.Johanna@yopmail.com,Rosanne.Johanna@gmail.com,doctor
739,Janey,Connelly,Janey.Connelly@yopmail.com,Janey.Connelly@gmail.com,firefighter
740,Anestassia,Amasa,Anestassia.Amasa@yopmail.com,Anestassia.Amasa@gmail.com,firefighter
741,Beatriz,Aldric,Beatriz.Aldric@yopmail.com,Beatriz.Aldric@gmail.com,worker
742,Cyndie,Sikorski,Cyndie.Sikorski@yopmail.com,Cyndie.Sikorski@gmail.com,developer
743,Dennie,Phyllis,Dennie.Phyllis@yopmail.com,Dennie.Phyllis@gmail.com,police officer
744,Rhoda,Dulciana,Rhoda.Dulciana@yopmail.com,Rhoda.Dulciana@gmail.com,worker
745,Annaliese,Toni,Annaliese.Toni@yopmail.com,Annaliese.Toni@gmail.com,doctor
746,Aili,Dielu,Aili.Dielu@yopmail.com,Aili.Dielu@gmail.com,police officer
747,Angelique,Monaco,Angelique.Monaco@yopmail.com,Angelique.Monaco@gmail.com,police officer
748,Marleah,McNully,Marleah.McNully@yopmail.com,Marleah.McNully@gmail.com,developer
749,Jorry,Angelis,Jorry.Angelis@yopmail.com,Jorry.Angelis@gmail.com,firefighter
750,Susette,Forrer,Susette.Forrer@yopmail.com,Susette.Forrer@gmail.com,developer
751,Bee,Sparhawk,Bee.Sparhawk@yopmail.com,Bee.Sparhawk@gmail.com,police officer
752,Merle,Mike,Merle.Mike@yopmail.com,Merle.Mike@gmail.com,developer
753,Joane,Sabella,Joane.Sabella@yopmail.com,Joane.Sabella@gmail.com,worker
754,Cristabel,Lattie,Cristabel.Lattie@yopmail.com,Cristabel.Lattie@gmail.com,firefighter
755,Alex,Raimondo,Alex.Raimondo@yopmail.com,Alex.Raimondo@gmail.com,police officer
756,Philis,Selway,Philis.Selway@yopmail.com,Philis.Selway@gmail.com,police officer
757,Ellette,Laverne,Ellette.Laverne@yopmail.com,Ellette.Laverne@gmail.com,firefighter
758,Rebeca,Abbot,Rebeca.Abbot@yopmail.com,Rebeca.Abbot@gmail.com,police officer
759,Zaria,Gillan,Zaria.Gillan@yopmail.com,Zaria.Gillan@gmail.com,doctor
760,Clo,Garbe,Clo.Garbe@yopmail.com,Clo.Garbe@gmail.com,developer
761,Melanie,Rugen,Melanie.Rugen@yopmail.com,Melanie.Rugen@gmail.com,police officer
762,Melodie,Randene,Melodie.Randene@yopmail.com,Melodie.Randene@gmail.com,police officer
763,Karolina,Tamar,Karolina.Tamar@yopmail.com,Karolina.Tamar@gmail.com,doctor
764,Allis,Serilda,Allis.Serilda@yopmail.com,Allis.Serilda@gmail.com,police officer
765,Annecorinne,Jacobah,Annecorinne.Jacobah@yopmail.com,Annecorinne.Jacobah@gmail.com,firefighter
766,Rivalee,Odell,Rivalee.Odell@yopmail.com,Rivalee.Odell@gmail.com,police officer
767,Florencia,Dichy,Florencia.Dichy@yopmail.com,Florencia.Dichy@gmail.com,doctor
768,Chloris,Yerkovich,Chloris.Yerkovich@yopmail.com,Chloris.Yerkovich@gmail.com,developer
769,Glenda,Fosque,Glenda.Fosque@yopmail.com,Glenda.Fosque@gmail.com,doctor
770,Fina,Jacqui,Fina.Jacqui@yopmail.com,Fina.Jacqui@gmail.com,firefighter
771,Kimmy,Kylander,Kimmy.Kylander@yopmail.com,Kimmy.Kylander@gmail.com,police officer
772,Valera,Roumell,Valera.Roumell@yopmail.com,Valera.Roumell@gmail.com,doctor
773,Jan,Annice,Jan.Annice@yopmail.com,Jan.Annice@gmail.com,police officer
774,Libbie,Keily,Libbie.Keily@yopmail.com,Libbie.Keily@gmail.com,worker
775,Aeriela,Connelly,Aeriela.Connelly@yopmail.com,Aeriela.Connelly@gmail.com,police officer
776,Jolyn,Duwalt,Jolyn.Duwalt@yopmail.com,Jolyn.Duwalt@gmail.com,firefighter
777,Aaren,Wooster,Aaren.Wooster@yopmail.com,Aaren.Wooster@gmail.com,doctor
778,Kimmy,Norrie,Kimmy.Norrie@yopmail.com,Kimmy.Norrie@gmail.com,police officer
779,Antonietta,Slifka,Antonietta.Slifka@yopmail.com,Antonietta.Slifka@gmail.com,doctor
780,Tilly,Nadia,Tilly.Nadia@yopmail.com,Tilly.Nadia@gmail.com,worker
781,Audrie,Boycey,Audrie.Boycey@yopmail.com,Audrie.Boycey@gmail.com,worker
782,Gerianna,Helfand,Gerianna.Helfand@yopmail.com,Gerianna.Helfand@gmail.com,developer
783,Starla,Bari,Starla.Bari@yopmail.com,Starla.Bari@gmail.com,doctor
784,Karlee,Han,Karlee.Han@yopmail.com,Karlee.Han@gmail.com,worker
785,Heddie,Harriman,Heddie.Harriman@yopmail.com,Heddie.Harriman@gmail.com,doctor
786,Nataline,Teryn,Nataline.Teryn@yopmail.com,Nataline.Teryn@gmail.com,worker
787,Nannie,Gualtiero,Nannie.Gualtiero@yopmail.com,Nannie.Gualtiero@gmail.com,police officer
788,Sashenka,Chrystel,Sashenka.Chrystel@yopmail.com,Sashenka.Chrystel@gmail.com,worker
789,Tami,Iphlgenia,Tami.Iphlgenia@yopmail.com,Tami.Iphlgenia@gmail.com,firefighter
790,Nickie,Daegal,Nickie.Daegal@yopmail.com,Nickie.Daegal@gmail.com,police officer
791,Gertrud,Garbe,Gertrud.Garbe@yopmail.com,Gertrud.Garbe@gmail.com,doctor
792,Norine,Emmaline,Norine.Emmaline@yopmail.com,Norine.Emmaline@gmail.com,developer
793,Theodora,Pacorro,Theodora.Pacorro@yopmail.com,Theodora.Pacorro@gmail.com,police officer
794,Stephanie,Alice,Stephanie.Alice@yopmail.com,Stephanie.Alice@gmail.com,doctor
795,Nataline,Montgomery,Nataline.Montgomery@yopmail.com,Nataline.Montgomery@gmail.com,firefighter
796,Thalia,Meter,Thalia.Meter@yopmail.com,Thalia.Meter@gmail.com,firefighter
797,Thalia,Kannry,Thalia.Kannry@yopmail.com,Thalia.Kannry@gmail.com,worker
798,Rhea,Mayeda,Rhea.Mayeda@yopmail.com,Rhea.Mayeda@gmail.com,worker
799,Carilyn,Lumbard,Carilyn.Lumbard@yopmail.com,Carilyn.Lumbard@gmail.com,developer
800,Mary,Berne,Mary.Berne@yopmail.com,Mary.Berne@gmail.com,firefighter
801,Nollie,Kussell,Nollie.Kussell@yopmail.com,Nollie.Kussell@gmail.com,firefighter
802,Consuela,Briney,Consuela.Briney@yopmail.com,Consuela.Briney@gmail.com,police officer
803,Dorthy,Syd,Dorthy.Syd@yopmail.com,Dorthy.Syd@gmail.com,developer
804,Merle,Ader,Merle.Ader@yopmail.com,Merle.Ader@gmail.com,firefighter
805,Sybille,Urias,Sybille.Urias@yopmail.com,Sybille.Urias@gmail.com,firefighter
806,Noelle,Estella,Noelle.Estella@yopmail.com,Noelle.Estella@gmail.com,police officer
807,Annabela,Lorenz,Annabela.Lorenz@yopmail.com,Annabela.Lorenz@gmail.com,developer
808,Winny,Douglass,Winny.Douglass@yopmail.com,Winny.Douglass@gmail.com,worker
809,Sue,Haymes,Sue.Haymes@yopmail.com,Sue.Haymes@gmail.com,doctor
810,Chickie,Lauraine,Chickie.Lauraine@yopmail.com,Chickie.Lauraine@gmail.com,doctor
811,Stephanie,Solitta,Stephanie.Solitta@yopmail.com,Stephanie.Solitta@gmail.com,developer
812,Florencia,Firmin,Florencia.Firmin@yopmail.com,Florencia.Firmin@gmail.com,firefighter
813,Modestia,Callista,Modestia.Callista@yopmail.com,Modestia.Callista@gmail.com,police officer
814,Emylee,Gherardo,Emylee.Gherardo@yopmail.com,Emylee.Gherardo@gmail.com,developer
815,Annabela,Tice,Annabela.Tice@yopmail.com,Annabela.Tice@gmail.com,police officer
816,Rayna,Delacourt,Rayna.Delacourt@yopmail.com,Rayna.Delacourt@gmail.com,worker
817,Katleen,Idelia,Katleen.Idelia@yopmail.com,Katleen.Idelia@gmail.com,worker
818,Brana,Eckblad,Brana.Eckblad@yopmail.com,Brana.Eckblad@gmail.com,worker
819,Rosanne,Shanley,Rosanne.Shanley@yopmail.com,Rosanne.Shanley@gmail.com,firefighter
820,Cam,Wenda,Cam.Wenda@yopmail.com,Cam.Wenda@gmail.com,doctor
821,Valeda,Wyn,Valeda.Wyn@yopmail.com,Valeda.Wyn@gmail.com,worker
822,Rori,Ledah,Rori.Ledah@yopmail.com,Rori.Ledah@gmail.com,developer
823,Elbertina,Gilmour,Elbertina.Gilmour@yopmail.com,Elbertina.Gilmour@gmail.com,worker
824,Allyce,Gusella,Allyce.Gusella@yopmail.com,Allyce.Gusella@gmail.com,developer
825,Adore,Delacourt,Adore.Delacourt@yopmail.com,Adore.Delacourt@gmail.com,firefighter
826,Zsa Zsa,Yate,Zsa Zsa.Yate@yopmail.com,Zsa Zsa.Yate@gmail.com,developer
827,Bettine,Mich,Bettine.Mich@yopmail.com,Bettine.Mich@gmail.com,firefighter
828,Adore,Judye,Adore.Judye@yopmail.com,Adore.Judye@gmail.com,worker
829,Helena,Parsaye,Helena.Parsaye@yopmail.com,Helena.Parsaye@gmail.com,developer
830,Amii,Brackely,Amii.Brackely@yopmail.com,Amii.Brackely@gmail.com,doctor
831,Shirlee,Even,Shirlee.Even@yopmail.com,Shirlee.Even@gmail.com,developer
832,Dennie,Natica,Dennie.Natica@yopmail.com,Dennie.Natica@gmail.com,doctor
833,Arlena,Chesna,Arlena.Chesna@yopmail.com,Arlena.Chesna@gmail.com,worker
834,Mellicent,Dielu,Mellicent.Dielu@yopmail.com,Mellicent.Dielu@gmail.com,worker
835,Annabela,Aida,Annabela.Aida@yopmail.com,Annabela.Aida@gmail.com,police officer
836,Merci,Maribeth,Merci.Maribeth@yopmail.com,Merci.Maribeth@gmail.com,doctor
837,Melanie,Kimmie,Melanie.Kimmie@yopmail.com,Melanie.Kimmie@gmail.com,developer
838,Millie,Faria,Millie.Faria@yopmail.com,Millie.Faria@gmail.com,worker
839,Gretal,Socha,Gretal.Socha@yopmail.com,Gretal.Socha@gmail.com,developer
840,Iseabal,Freddi,Iseabal.Freddi@yopmail.com,Iseabal.Freddi@gmail.com,police officer
841,Cassondra,Lasley,Cassondra.Lasley@yopmail.com,Cassondra.Lasley@gmail.com,worker
842,Deirdre,Larochelle,Deirdre.Larochelle@yopmail.com,Deirdre.Larochelle@gmail.com,police officer
843,Hallie,Oscar,Hallie.Oscar@yopmail.com,Hallie.Oscar@gmail.com,worker
844,Briney,Lanita,Briney.Lanita@yopmail.com,Briney.Lanita@gmail.com,worker
845,Magdalena,Lattie,Magdalena.Lattie@yopmail.com,Magdalena.Lattie@gmail.com,developer
846,Florencia,Lubin,Florencia.Lubin@yopmail.com,Florencia.Lubin@gmail.com,firefighter
847,Latisha,Couture,Latisha.Couture@yopmail.com,Latisha.Couture@gmail.com,worker
848,Libbie,Aldric,Libbie.Aldric@yopmail.com,Libbie.Aldric@gmail.com,firefighter
849,Winifred,Nester,Winifred.Nester@yopmail.com,Winifred.Nester@gmail.com,developer
850,Paule,Palocz,Paule.Palocz@yopmail.com,Paule.Palocz@gmail.com,worker
851,Nariko,Hunfredo,Nariko.Hunfredo@yopmail.com,Nariko.Hunfredo@gmail.com,firefighter
852,Lelah,Quinn,Lelah.Quinn@yopmail.com,Lelah.Quinn@gmail.com,worker
853,Marti,Rurik,Marti.Rurik@yopmail.com,Marti.Rurik@gmail.com,developer
854,Johna,Margret,Johna.Margret@yopmail.com,Johna.Margret@gmail.com,developer
855,Kayla,Shuler,Kayla.Shuler@yopmail.com,Kayla.Shuler@gmail.com,developer
856,Shannah,Screens,Shannah.Screens@yopmail.com,Shannah.Screens@gmail.com,police officer
857,Correy,Estella,Correy.Estella@yopmail.com,Correy.Estella@gmail.com,firefighter
858,Jennica,Turne,Jennica.Turne@yopmail.com,Jennica.Turne@gmail.com,police officer
859,Myrtice,Lubin,Myrtice.Lubin@yopmail.com,Myrtice.Lubin@gmail.com,firefighter
860,Audrie,Medrek,Audrie.Medrek@yopmail.com,Audrie.Medrek@gmail.com,worker
861,Aurore,McLaughlin,Aurore.McLaughlin@yopmail.com,Aurore.McLaughlin@gmail.com,police officer
862,Paola,Hazlett,Paola.Hazlett@yopmail.com,Paola.Hazlett@gmail.com,worker
863,Jordan,Sammons,Jordan.Sammons@yopmail.com,Jordan.Sammons@gmail.com,developer
864,Misha,Cottle,Misha.Cottle@yopmail.com,Misha.Cottle@gmail.com,firefighter
865,Mellicent,Judye,Mellicent.Judye@yopmail.com,Mellicent.Judye@gmail.com,worker
866,Malina,Henrie,Malina.Henrie@yopmail.com,Malina.Henrie@gmail.com,developer
867,Belva,Milson,Belva.Milson@yopmail.com,Belva.Milson@gmail.com,doctor
868,Nonnah,Bennie,Nonnah.Bennie@yopmail.com,Nonnah.Bennie@gmail.com,worker
869,Lacie,Celestine,Lacie.Celestine@yopmail.com,Lacie.Celestine@gmail.com,police officer
870,Margalo,Huggins,Margalo.Huggins@yopmail.com,Margalo.Huggins@gmail.com,firefighter
871,Valera,Jillane,Valera.Jillane@yopmail.com,Valera.Jillane@gmail.com,police officer
872,Marjie,Toni,Marjie.Toni@yopmail.com,Marjie.Toni@gmail.com,firefighter
873,Clo,Byrne,Clo.Byrne@yopmail.com,Clo.Byrne@gmail.com,worker
874,Dennie,Mauer,Dennie.Mauer@yopmail.com,Dennie.Mauer@gmail.com,doctor
875,Jasmina,Halsey,Jasmina.Halsey@yopmail.com,Jasmina.Halsey@gmail.com,worker
876,Luci,Diogenes,Luci.Diogenes@yopmail.com,Luci.Diogenes@gmail.com,worker
877,Stacey,Doig,Stacey.Doig@yopmail.com,Stacey.Doig@gmail.com,firefighter
878,Giustina,Magnolia,Giustina.Magnolia@yopmail.com,Giustina.Magnolia@gmail.com,worker
879,Lilith,Adamsen,Lilith.Adamsen@yopmail.com,Lilith.Adamsen@gmail.com,developer
880,Ninnetta,Talia,Ninnetta.Talia@yopmail.com,Ninnetta.Talia@gmail.com,developer
881,Ada,Riordan,Ada.Riordan@yopmail.com,Ada.Riordan@gmail.com,developer
882,Gratia,Suk,Gratia.Suk@yopmail.com,Gratia.Suk@gmail.com,doctor
883,Gratia,Tybald,Gratia.Tybald@yopmail.com,Gratia.Tybald@gmail.com,firefighter
884,Robbi,Toor,Robbi.Toor@yopmail.com,Robbi.Toor@gmail.com,worker
885,Aimil,Sigfrid,Aimil.Sigfrid@yopmail.com,Aimil.Sigfrid@gmail.com,worker
886,Therine,Marijo,Therine.Marijo@yopmail.com,Therine.Marijo@gmail.com,doctor
887,Demetris,Wilona,Demetris.Wilona@yopmail.com,Demetris.Wilona@gmail.com,worker
888,Feliza,Bearnard,Feliza.Bearnard@yopmail.com,Feliza.Bearnard@gmail.com,developer
889,Kerrin,Gibbeon,Kerrin.Gibbeon@yopmail.com,Kerrin.Gibbeon@gmail.com,police officer
890,Penelopa,Haerr,Penelopa.Haerr@yopmail.com,Penelopa.Haerr@gmail.com,developer
891,Cindelyn,Artie,Cindelyn.Artie@yopmail.com,Cindelyn.Artie@gmail.com,doctor
892,Mamie,Quinn,Mamie.Quinn@yopmail.com,Mamie.Quinn@gmail.com,developer
893,Shaine,McGrody,Shaine.McGrody@yopmail.com,Shaine.McGrody@gmail.com,doctor
894,Glenda,Tound,Glenda.Tound@yopmail.com,Glenda.Tound@gmail.com,developer
895,Bee,Caitlin,Bee.Caitlin@yopmail.com,Bee.Caitlin@gmail.com,firefighter
896,Phedra,Therine,Phedra.Therine@yopmail.com,Phedra.Therine@gmail.com,developer
897,Hyacinthe,Naashom,Hyacinthe.Naashom@yopmail.com,Hyacinthe.Naashom@gmail.com,worker
898,Aigneis,Ralfston,Aigneis.Ralfston@yopmail.com,Aigneis.Ralfston@gmail.com,firefighter
899,Lauryn,Trace,Lauryn.Trace@yopmail.com,Lauryn.Trace@gmail.com,developer
900,Deedee,Jillane,Deedee.Jillane@yopmail.com,Deedee.Jillane@gmail.com,doctor
901,Abbie,Dorine,Abbie.Dorine@yopmail.com,Abbie.Dorine@gmail.com,developer
902,Anallese,Lymann,Anallese.Lymann@yopmail.com,Anallese.Lymann@gmail.com,worker
903,Sam,Estella,Sam.Estella@yopmail.com,Sam.Estella@gmail.com,firefighter
904,Debee,Keily,Debee.Keily@yopmail.com,Debee.Keily@gmail.com,worker
905,Paule,Goddard,Paule.Goddard@yopmail.com,Paule.Goddard@gmail.com,firefighter
906,Gusella,Timon,Gusella.Timon@yopmail.com,Gusella.Timon@gmail.com,worker
907,Julieta,Raama,Julieta.Raama@yopmail.com,Julieta.Raama@gmail.com,worker
908,Dede,Wadell,Dede.Wadell@yopmail.com,Dede.Wadell@gmail.com,police officer
909,Rubie,Ledah,Rubie.Ledah@yopmail.com,Rubie.Ledah@gmail.com,worker
910,Alejandra,Trinetta,Alejandra.Trinetta@yopmail.com,Alejandra.Trinetta@gmail.com,worker
911,Belinda,Lemuela,Belinda.Lemuela@yopmail.com,Belinda.Lemuela@gmail.com,doctor
912,Anthia,Stanwood,Anthia.Stanwood@yopmail.com,Anthia.Stanwood@gmail.com,firefighter
913,Valli,Tamsky,Valli.Tamsky@yopmail.com,Valli.Tamsky@gmail.com,doctor
914,Orelia,Gwenore,Orelia.Gwenore@yopmail.com,Orelia.Gwenore@gmail.com,worker
915,Mady,Azeria,Mady.Azeria@yopmail.com,Mady.Azeria@gmail.com,police officer
916,Olivette,Kellby,Olivette.Kellby@yopmail.com,Olivette.Kellby@gmail.com,developer
917,Emelina,Sophronia,Emelina.Sophronia@yopmail.com,Emelina.Sophronia@gmail.com,developer
918,Valeda,Annabella,Valeda.Annabella@yopmail.com,Valeda.Annabella@gmail.com,doctor
919,Judy,Lalitta,Judy.Lalitta@yopmail.com,Judy.Lalitta@gmail.com,doctor
920,Sue,Liva,Sue.Liva@yopmail.com,Sue.Liva@gmail.com,doctor
921,Marti,Zamora,Marti.Zamora@yopmail.com,Marti.Zamora@gmail.com,worker
922,Correy,Hanleigh,Correy.Hanleigh@yopmail.com,Correy.Hanleigh@gmail.com,worker
923,Nyssa,Garek,Nyssa.Garek@yopmail.com,Nyssa.Garek@gmail.com,police officer
924,Coral,McCutcheon,Coral.McCutcheon@yopmail.com,Coral.McCutcheon@gmail.com,police officer
925,Gusella,Hanshaw,Gusella.Hanshaw@yopmail.com,Gusella.Hanshaw@gmail.com,doctor
926,Myriam,Beebe,Myriam.Beebe@yopmail.com,Myriam.Beebe@gmail.com,firefighter
927,Marjie,Chaing,Marjie.Chaing@yopmail.com,Marjie.Chaing@gmail.com,developer
928,Carolina,Glenden,Carolina.Glenden@yopmail.com,Carolina.Glenden@gmail.com,developer
929,Chere,Therine,Chere.Therine@yopmail.com,Chere.Therine@gmail.com,worker
930,Veda,Lumbard,Veda.Lumbard@yopmail.com,Veda.Lumbard@gmail.com,doctor
931,Evita,Schalles,Evita.Schalles@yopmail.com,Evita.Schalles@gmail.com,police officer
932,Edyth,Monaco,Edyth.Monaco@yopmail.com,Edyth.Monaco@gmail.com,worker
933,Melodie,Nance,Melodie.Nance@yopmail.com,Melodie.Nance@gmail.com,developer
934,Ardys,Longfellow,Ardys.Longfellow@yopmail.com,Ardys.Longfellow@gmail.com,worker
935,Lita,Lea,Lita.Lea@yopmail.com,Lita.Lea@gmail.com,firefighter
936,Belinda,Casimir,Belinda.Casimir@yopmail.com,Belinda.Casimir@gmail.com,developer
937,Hildegaard,Olympium,Hildegaard.Olympium@yopmail.com,Hildegaard.Olympium@gmail.com,police officer
938,Rivalee,Bethany,Rivalee.Bethany@yopmail.com,Rivalee.Bethany@gmail.com,police officer
939,Celisse,Medrek,Celisse.Medrek@yopmail.com,Celisse.Medrek@gmail.com,doctor
940,Bee,Fillbert,Bee.Fillbert@yopmail.com,Bee.Fillbert@gmail.com,developer
941,Krystle,Lattie,Krystle.Lattie@yopmail.com,Krystle.Lattie@gmail.com,firefighter
942,Beverley,Barrus,Beverley.Barrus@yopmail.com,Beverley.Barrus@gmail.com,developer
943,Debee,Dalli,Debee.Dalli@yopmail.com,Debee.Dalli@gmail.com,worker
944,Orsola,Ochs,Orsola.Ochs@yopmail.com,Orsola.Ochs@gmail.com,firefighter
945,Lonnie,Annabella,Lonnie.Annabella@yopmail.com,Lonnie.Annabella@gmail.com,doctor
946,Valli,Afton,Valli.Afton@yopmail.com,Valli.Afton@gmail.com,worker
947,Consuela,Orlene,Consuela.Orlene@yopmail.com,Consuela.Orlene@gmail.com,doctor
948,Randa,Swanhildas,Randa.Swanhildas@yopmail.com,Randa.Swanhildas@gmail.com,developer
949,Aryn,Alejoa,Aryn.Alejoa@yopmail.com,Aryn.Alejoa@gmail.com,developer
950,Farrah,Francene,Farrah.Francene@yopmail.com,Farrah.Francene@gmail.com,worker
951,Gertrud,Izaak,Gertrud.Izaak@yopmail.com,Gertrud.Izaak@gmail.com,police officer
952,Tobe,Sacken,Tobe.Sacken@yopmail.com,Tobe.Sacken@gmail.com,doctor
953,Eadie,Grobe,Eadie.Grobe@yopmail.com,Eadie.Grobe@gmail.com,worker
954,Margarette,Harday,Margarette.Harday@yopmail.com,Margarette.Harday@gmail.com,doctor
955,Bettine,Mauer,Bettine.Mauer@yopmail.com,Bettine.Mauer@gmail.com,doctor
956,Zia,Jena,Zia.Jena@yopmail.com,Zia.Jena@gmail.com,doctor
957,Marti,Infield,Marti.Infield@yopmail.com,Marti.Infield@gmail.com,worker
958,Elfreda,Schonfeld,Elfreda.Schonfeld@yopmail.com,Elfreda.Schonfeld@gmail.com,firefighter
959,Aeriela,Albertine,Aeriela.Albertine@yopmail.com,Aeriela.Albertine@gmail.com,police officer
960,Yetty,Elsinore,Yetty.Elsinore@yopmail.com,Yetty.Elsinore@gmail.com,police officer
961,Georgina,Wadell,Georgina.Wadell@yopmail.com,Georgina.Wadell@gmail.com,firefighter
962,Ursulina,Euridice,Ursulina.Euridice@yopmail.com,Ursulina.Euridice@gmail.com,developer
963,Elie,Strephon,Elie.Strephon@yopmail.com,Elie.Strephon@gmail.com,developer
964,Lisette,Nicoline,Lisette.Nicoline@yopmail.com,Lisette.Nicoline@gmail.com,doctor
965,Ottilie,Alejoa,Ottilie.Alejoa@yopmail.com,Ottilie.Alejoa@gmail.com,firefighter
966,Tobe,Kaete,Tobe.Kaete@yopmail.com,Tobe.Kaete@gmail.com,developer
967,Misha,Goddard,Misha.Goddard@yopmail.com,Misha.Goddard@gmail.com,police officer
968,Annecorinne,Kesley,Annecorinne.Kesley@yopmail.com,Annecorinne.Kesley@gmail.com,doctor
969,Jaime,Vittoria,Jaime.Vittoria@yopmail.com,Jaime.Vittoria@gmail.com,developer
970,Ottilie,Trinetta,Ottilie.Trinetta@yopmail.com,Ottilie.Trinetta@gmail.com,police officer
971,Kristina,Faust,Kristina.Faust@yopmail.com,Kristina.Faust@gmail.com,firefighter
972,Lelah,Mozelle,Lelah.Mozelle@yopmail.com,Lelah.Mozelle@gmail.com,police officer
973,Marcy,Lilybelle,Marcy.Lilybelle@yopmail.com,Marcy.Lilybelle@gmail.com,doctor
974,Priscilla,Erminia,Priscilla.Erminia@yopmail.com,Priscilla.Erminia@gmail.com,doctor
975,Evaleen,Evvie,Evaleen.Evvie@yopmail.com,Evaleen.Evvie@gmail.com,police officer
976,Kara-Lynn,Regan,Kara-Lynn.Regan@yopmail.com,Kara-Lynn.Regan@gmail.com,police officer
977,Reeba,Girardo,Reeba.Girardo@yopmail.com,Reeba.Girardo@gmail.com,firefighter
978,Morganica,Johnsson,Morganica.Johnsson@yopmail.com,Morganica.Johnsson@gmail.com,worker
979,Phedra,Bollay,Phedra.Bollay@yopmail.com,Phedra.Bollay@gmail.com,developer
980,Noelle,Connelly,Noelle.Connelly@yopmail.com,Noelle.Connelly@gmail.com,police officer
981,Feliza,Pauly,Feliza.Pauly@yopmail.com,Feliza.Pauly@gmail.com,police officer
982,Lusa,Lauraine,Lusa.Lauraine@yopmail.com,Lusa.Lauraine@gmail.com,police officer
983,Gabi,Fontana,Gabi.Fontana@yopmail.com,Gabi.Fontana@gmail.com,developer
984,Ayn,Burch,Ayn.Burch@yopmail.com,Ayn.Burch@gmail.com,developer
985,Latisha,Wenoa,Latisha.Wenoa@yopmail.com,Latisha.Wenoa@gmail.com,worker
986,Diena,Nester,Diena.Nester@yopmail.com,Diena.Nester@gmail.com,worker
987,Dorice,Llovera,Dorice.Llovera@yopmail.com,Dorice.Llovera@gmail.com,doctor
988,Tybie,Berl,Tybie.Berl@yopmail.com,Tybie.Berl@gmail.com,firefighter
989,Jessamyn,Wiener,Jessamyn.Wiener@yopmail.com,Jessamyn.Wiener@gmail.com,developer
990,Sophia,Maisey,Sophia.Maisey@yopmail.com,Sophia.Maisey@gmail.com,worker
991,Krystle,Kristi,Krystle.Kristi@yopmail.com,Krystle.Kristi@gmail.com,worker
992,Karolina,Margarete,Karolina.Margarete@yopmail.com,Karolina.Margarete@gmail.com,developer
993,Agnese,Janene,Agnese.Janene@yopmail.com,Agnese.Janene@gmail.com,doctor
994,Annecorinne,Solitta,Annecorinne.Solitta@yopmail.com,Annecorinne.Solitta@gmail.com,police officer
995,Bibby,Emerson,Bibby.Emerson@yopmail.com,Bibby.Emerson@gmail.com,firefighter
996,Sophia,Richers,Sophia.Richers@yopmail.com,Sophia.Richers@gmail.com,developer
997,Briney,Johnsson,Briney.Johnsson@yopmail.com,Briney.Johnsson@gmail.com,police officer
998,Sabina,Ellerey,Sabina.Ellerey@yopmail.com,Sabina.Ellerey@gmail.com,developer
999,Melodie,Taima,Melodie.Taima@yopmail.com,Melodie.Taima@gmail.com,firefighter
1000,Nickie,Love,Nickie.Love@yopmail.com,Nickie.Love@gmail.com,firefighter
1001,Monika,Joni,Monika.Joni@yopmail.com,Monika.Joni@gmail.com,developer
1002,Amara,Beniamino,Amara.Beniamino@yopmail.com,Amara.Beniamino@gmail.com,police officer
1003,Lucille,Dorothy,Lucille.Dorothy@yopmail.com,Lucille.Dorothy@gmail.com,firefighter
1004,Shirlee,Celestine,Shirlee.Celestine@yopmail.com,Shirlee.Celestine@gmail.com,firefighter
1005,Henriette,Haymes,Henriette.Haymes@yopmail.com,Henriette.Haymes@gmail.com,worker
1006,Suzette,Bronk,Suzette.Bronk@yopmail.com,Suzette.Bronk@gmail.com,firefighter
1007,Daryl,Libna,Daryl.Libna@yopmail.com,Daryl.Libna@gmail.com,doctor
1008,Justinn,Zenas,Justinn.Zenas@yopmail.com,Justinn.Zenas@gmail.com,worker
1009,Lexine,Hazlett,Lexine.Hazlett@yopmail.com,Lexine.Hazlett@gmail.com,doctor
1010,Carmencita,Liva,Carmencita.Liva@yopmail.com,Carmencita.Liva@gmail.com,doctor
1011,Lisette,Chinua,Lisette.Chinua@yopmail.com,Lisette.Chinua@gmail.com,police officer
1012,Harrietta,Marisa,Harrietta.Marisa@yopmail.com,Harrietta.Marisa@gmail.com,police officer
1013,Norine,Cherianne,Norine.Cherianne@yopmail.com,Norine.Cherianne@gmail.com,developer
1014,Gretal,Tyson,Gretal.Tyson@yopmail.com,Gretal.Tyson@gmail.com,developer
1015,Collen,Afton,Collen.Afton@yopmail.com,Collen.Afton@gmail.com,doctor
1016,Linzy,Peonir,Linzy.Peonir@yopmail.com,Linzy.Peonir@gmail.com,developer
1017,Judy,Blase,Judy.Blase@yopmail.com,Judy.Blase@gmail.com,firefighter
1018,Mariele,Lea,Mariele.Lea@yopmail.com,Mariele.Lea@gmail.com,developer
1019,Pierette,Lissi,Pierette.Lissi@yopmail.com,Pierette.Lissi@gmail.com,developer
1020,Hermione,Fontana,Hermione.Fontana@yopmail.com,Hermione.Fontana@gmail.com,police officer
1021,Fawne,Bebe,Fawne.Bebe@yopmail.com,Fawne.Bebe@gmail.com,firefighter
1022,Clarice,Rosalba,Clarice.Rosalba@yopmail.com,Clarice.Rosalba@gmail.com,police officer
1023,Leontine,Si,Leontine.Si@yopmail.com,Leontine.Si@gmail.com,doctor
1024,Margarette,Wind,Margarette.Wind@yopmail.com,Margarette.Wind@gmail.com,worker
1025,Elsie,Crudden,Elsie.Crudden@yopmail.com,Elsie.Crudden@gmail.com,worker
1026,Teddie,Anestassia,Teddie.Anestassia@yopmail.com,Teddie.Anestassia@gmail.com,firefighter
1027,Katleen,Kauppi,Katleen.Kauppi@yopmail.com,Katleen.Kauppi@gmail.com,doctor
1028,Joy,Kolnick,Joy.Kolnick@yopmail.com,Joy.Kolnick@gmail.com,developer
1029,Dorene,Hilbert,Dorene.Hilbert@yopmail.com,Dorene.Hilbert@gmail.com,firefighter
1030,Phedra,Kaete,Phedra.Kaete@yopmail.com,Phedra.Kaete@gmail.com,developer
1031,Ofilia,Hunfredo,Ofilia.Hunfredo@yopmail.com,Ofilia.Hunfredo@gmail.com,worker
1032,Blake,Drus,Blake.Drus@yopmail.com,Blake.Drus@gmail.com,firefighter
1033,Elbertina,Wadell,Elbertina.Wadell@yopmail.com,Elbertina.Wadell@gmail.com,worker
1034,Paulita,Roxanna,Paulita.Roxanna@yopmail.com,Paulita.Roxanna@gmail.com,doctor
1035,Sallie,Paine,Sallie.Paine@yopmail.com,Sallie.Paine@gmail.com,police officer
1036,Chandra,Kazimir,Chandra.Kazimir@yopmail.com,Chandra.Kazimir@gmail.com,doctor
1037,Gabriellia,Thomasina,Gabriellia.Thomasina@yopmail.com,Gabriellia.Thomasina@gmail.com,firefighter
1038,Myrtice,Maples,Myrtice.Maples@yopmail.com,Myrtice.Maples@gmail.com,doctor
1039,Dorothy,Harriman,Dorothy.Harriman@yopmail.com,Dorothy.Harriman@gmail.com,police officer
1040,Lynde,Israeli,Lynde.Israeli@yopmail.com,Lynde.Israeli@gmail.com,worker
1041,Tabbatha,Skell,Tabbatha.Skell@yopmail.com,Tabbatha.Skell@gmail.com,doctor
1042,Perry,Gaal,Perry.Gaal@yopmail.com,Perry.Gaal@gmail.com,developer
1043,Stacey,Kenwood,Stacey.Kenwood@yopmail.com,Stacey.Kenwood@gmail.com,developer
1044,Gisela,Felecia,Gisela.Felecia@yopmail.com,Gisela.Felecia@gmail.com,firefighter
1045,Edith,Philipp,Edith.Philipp@yopmail.com,Edith.Philipp@gmail.com,police officer
1046,Lindie,Ariella,Lindie.Ariella@yopmail.com,Lindie.Ariella@gmail.com,police officer
1047,Jean,Tremayne,Jean.Tremayne@yopmail.com,Jean.Tremayne@gmail.com,police officer
1048,Adriana,Virgin,Adriana.Virgin@yopmail.com,Adriana.Virgin@gmail.com,police officer
1049,Cordi,Ashok,Cordi.Ashok@yopmail.com,Cordi.Ashok@gmail.com,developer
1050,Jorry,Lynn,Jorry.Lynn@yopmail.com,Jorry.Lynn@gmail.com,developer
1051,Leanna,Connelly,Leanna.Connelly@yopmail.com,Leanna.Connelly@gmail.com,doctor
1052,Teddie,Elvyn,Teddie.Elvyn@yopmail.com,Teddie.Elvyn@gmail.com,worker
1053,Maye,Winnick,Maye.Winnick@yopmail.com,Maye.Winnick@gmail.com,police officer
1054,Nadine,Raimondo,Nadine.Raimondo@yopmail.com,Nadine.Raimondo@gmail.com,firefighter
1055,Bernardine,Maples,Bernardine.Maples@yopmail.com,Bernardine.Maples@gmail.com,developer
1056,Hermione,Rolf,Hermione.Rolf@yopmail.com,Hermione.Rolf@gmail.com,police officer
1057,Kial,Fulmer,Kial.Fulmer@yopmail.com,Kial.Fulmer@gmail.com,firefighter
1058,Evita,Milson,Evita.Milson@yopmail.com,Evita.Milson@gmail.com,developer
1059,Tamqrah,Albertine,Tamqrah.Albertine@yopmail.com,Tamqrah.Albertine@gmail.com,developer
1060,Julieta,Duwalt,Julieta.Duwalt@yopmail.com,Julieta.Duwalt@gmail.com,developer
1061,Livvyy,Uird,Livvyy.Uird@yopmail.com,Livvyy.Uird@gmail.com,developer
1062,Rani,Whittaker,Rani.Whittaker@yopmail.com,Rani.Whittaker@gmail.com,worker
1063,Molli,Redmond,Molli.Redmond@yopmail.com,Molli.Redmond@gmail.com,doctor
1064,Ida,Haerr,Ida.Haerr@yopmail.com,Ida.Haerr@gmail.com,worker
1065,Belinda,Flita,Belinda.Flita@yopmail.com,Belinda.Flita@gmail.com,worker
1066,Julieta,Sibyls,Julieta.Sibyls@yopmail.com,Julieta.Sibyls@gmail.com,firefighter
1067,Edee,Cimbura,Edee.Cimbura@yopmail.com,Edee.Cimbura@gmail.com,developer
1068,Minne,Lemuela,Minne.Lemuela@yopmail.com,Minne.Lemuela@gmail.com,doctor
1069,Gaylene,Deegan,Gaylene.Deegan@yopmail.com,Gaylene.Deegan@gmail.com,doctor
1070,Keelia,Vernier,Keelia.Vernier@yopmail.com,Keelia.Vernier@gmail.com,firefighter
1071,Darlleen,Gwenore,Darlleen.Gwenore@yopmail.com,Darlleen.Gwenore@gmail.com,firefighter
1072,Helsa,Rurik,Helsa.Rurik@yopmail.com,Helsa.Rurik@gmail.com,firefighter
1073,Michaelina,Verger,Michaelina.Verger@yopmail.com,Michaelina.Verger@gmail.com,firefighter
1074,Anica,Belanger,Anica.Belanger@yopmail.com,Anica.Belanger@gmail.com,firefighter
1075,Damaris,Lutero,Damaris.Lutero@yopmail.com,Damaris.Lutero@gmail.com,firefighter
1076,Kristan,Pearse,Kristan.Pearse@yopmail.com,Kristan.Pearse@gmail.com,doctor
1077,Fanchon,Bobbee,Fanchon.Bobbee@yopmail.com,Fanchon.Bobbee@gmail.com,police officer
1078,Fanny,Minetta,Fanny.Minetta@yopmail.com,Fanny.Minetta@gmail.com,firefighter
1079,Caritta,Marsden,Caritta.Marsden@yopmail.com,Caritta.Marsden@gmail.com,police officer
1080,Alisha,Ashely,Alisha.Ashely@yopmail.com,Alisha.Ashely@gmail.com,doctor
1081,Cherrita,Alexandr,Cherrita.Alexandr@yopmail.com,Cherrita.Alexandr@gmail.com,firefighter
1082,Joelly,Oneida,Joelly.Oneida@yopmail.com,Joelly.Oneida@gmail.com,police officer
1083,Janenna,Leary,Janenna.Leary@yopmail.com,Janenna.Leary@gmail.com,developer
1084,Katharina,Killigrew,Katharina.Killigrew@yopmail.com,Katharina.Killigrew@gmail.com,firefighter
1085,Kirbee,Dex,Kirbee.Dex@yopmail.com,Kirbee.Dex@gmail.com,police officer
1086,Linet,Bibi,Linet.Bibi@yopmail.com,Linet.Bibi@gmail.com,worker
1087,Mireielle,Nea,Mireielle.Nea@yopmail.com,Mireielle.Nea@gmail.com,police officer
1088,Gisela,Bevin,Gisela.Bevin@yopmail.com,Gisela.Bevin@gmail.com,doctor
1089,Riannon,Thema,Riannon.Thema@yopmail.com,Riannon.Thema@gmail.com,developer
1090,Sara-Ann,Alrich,Sara-Ann.Alrich@yopmail.com,Sara-Ann.Alrich@gmail.com,developer
1091,Penelopa,Iphlgenia,Penelopa.Iphlgenia@yopmail.com,Penelopa.Iphlgenia@gmail.com,doctor
1092,Eugine,Tice,Eugine.Tice@yopmail.com,Eugine.Tice@gmail.com,police officer
1093,Kelly,Taima,Kelly.Taima@yopmail.com,Kelly.Taima@gmail.com,police officer
1094,Olivette,Brian,Olivette.Brian@yopmail.com,Olivette.Brian@gmail.com,doctor
1095,Albertina,Willie,Albertina.Willie@yopmail.com,Albertina.Willie@gmail.com,doctor
1096,Pearline,Jacobah,Pearline.Jacobah@yopmail.com,Pearline.Jacobah@gmail.com,developer
1097,Carilyn,Stuart,Carilyn.Stuart@yopmail.com,Carilyn.Stuart@gmail.com,worker
1098,Constance,Fredi,Constance.Fredi@yopmail.com,Constance.Fredi@gmail.com,police officer
1099,Rhoda,Joli,Rhoda.Joli@yopmail.com,Rhoda.Joli@gmail.com,police officer